driverId,name,ssn,location,certified,wage-plan
10,Sydney Todd,635-29-9526,"912 Carrillo Turnpike Suite 805
East Joseph, TN 54431",N,hours
11,Shelby Haney,131-94-2718,"541 Lynn Orchard Apt. 222
Lake Ericton, GU 70170",Y,miles
12,Jennifer Smith,165-80-7244,"PSC 5817, Box 2085
APO AE 52196",Y,miles
13,Teresa Daniels,823-82-8700,"109 Miller Village Suite 712
North Donna, KS 20946",N,miles
14,Rachel Fisher,712-02-9778,"2452 Mike Station
Lake Michael, MO 01835",N,hours
15,Brianna Hodge,625-05-9507,"54991 David Bypass
South Cassandraside, AK 57036",N,miles
16,Melissa Kemp,291-23-1673,"473 Gonzales Turnpike
Wellsville, OR 62908",N,miles
17,Robert Horn,756-87-5543,"63979 Kara Freeway Suite 094
South Jeffrey, WY 08052",N,hours
18,William Webb,362-05-7828,"0669 Perez Junctions
East Natashaview, CA 53449",Y,miles
19,Christina Serrano,718-51-0199,"80808 Joseph Way
West Megan, WA 99736",N,miles
20,Connor Miller,405-07-2311,"PSC 1770, Box 5936
APO AA 08341",N,miles
21,Lindsay Green,273-98-6021,"858 Vanessa Camp
Smithshire, MH 11686",Y,hours
22,Tracy Hale,544-43-5297,"7153 Torres Shore Apt. 631
South Carlview, MN 78141",Y,miles
23,Felicia Smith,703-38-3596,"614 Rachel Meadows Apt. 716
Calderonshire, TX 88909",N,hours
24,Jaime Yates,134-36-9184,"006 Andrea Crest Apt. 510
West Brian, PA 59221",Y,hours
25,Donna Rice,821-70-5789,"13921 Miller Mountains Apt. 211
Livingstonbury, FL 91031",Y,hours
26,Gina Gould,544-55-1143,"24315 Andersen Unions
Braunport, IN 67037",Y,miles
27,Grace Brown,083-40-5616,"9727 Jacob Run Apt. 779
North Josephchester, AL 63939",N,hours
28,Nicole Williams,002-63-2082,"0861 Collins Way
North Gregory, IA 61848",N,hours
29,Donald Perez,656-47-2354,"PSC 0419, Box 0192
APO AE 94225",Y,hours
30,Michael Moore,369-36-2027,"8856 Rodriguez Flats
Thorntonburgh, WV 27692",N,hours
31,Andrew Mendoza,058-81-4453,"7502 Gwendolyn Stravenue Apt. 288
South Chadland, OH 99162",Y,hours
32,Grant Richardson,674-40-1620,"4805 Ashley Bypass Apt. 578
Greerstad, UT 66151",Y,miles
33,James Mendez,344-34-9927,"USNV Dodson
FPO AP 48894",Y,miles
34,Nicole Roberts,769-39-9907,"0294 Fox Island Suite 367
Burtonland, PR 25874",Y,hours
35,Donna Keller,395-20-8829,"98618 Jodi Inlet
Jacksonfurt, PW 35559",N,miles
36,Richard Bentley,442-94-2345,"PSC 0857, Box 2889
APO AP 97465",Y,hours
37,Christine Cohen,765-44-4763,"5067 Nunez Estate
New Tinabury, MH 67705",N,miles
38,John Johnson,491-66-5350,"4483 Wilson Points Apt. 109
Davidview, AS 37237",N,hours
39,Shaun Harris,274-78-3261,"64244 Ryan Plaza
Curtisbury, NY 17953",Y,hours
40,Elizabeth Mcdaniel,312-98-8988,"5175 Anthony Alley Suite 504
North Maria, DE 64752",Y,hours
41,Bryan Hernandez,239-22-8434,"04673 Cabrera Dale
Jonesland, MT 33392",Y,miles
42,Michael Young,592-86-6094,"16521 Frazier Points Suite 138
Louisville, UT 23322",N,miles
43,Carol Wood,328-69-0192,"45711 Diaz Wall
Lake Timothy, CT 63867",Y,hours
44,Kimberly Medina,803-06-7174,"185 Gibson Unions Apt. 669
West Aprilmouth, DE 45416",Y,hours
45,Dr. Cynthia Brown,532-04-8471,"981 Anderson Course
New Zacharytown, NY 50270",Y,miles
46,Sharon Dawson,813-18-1511,"81719 Noble Mountain
Andrewmouth, SD 67605",Y,hours
47,Yolanda Smith,765-66-7979,"59548 Mills Key Suite 312
South Tracy, MP 49866",N,miles
48,Tina Ballard,073-91-5947,"479 Hamilton Courts Apt. 784
Port Kevin, PW 30408",Y,miles
49,Joel Prince,888-58-0530,"4222 Turner Grove Suite 349
Lisaside, HI 54076",Y,miles
50,Timothy Benson,669-84-1000,"93885 Douglas Forge
Heatherchester, WA 16630",Y,miles
51,Timothy Harrison,256-33-5131,"19317 Hines Station
Lake Tylerview, PW 61284",N,miles
52,Allen Oconnor,684-67-9234,"5000 Sanchez Village Apt. 694
Knighthaven, MS 18887",N,hours
53,Timothy Petty,059-04-1413,"5212 Joshua Underpass Suite 132
West Donaldview, TN 39561",N,miles
54,Kayla Fuller,710-99-9290,"7521 Good Court
Leahborough, NY 15118",N,miles
55,Regina Martinez,525-87-1184,"0673 John Road Apt. 753
Smithchester, CT 57204",Y,miles
56,Kenneth Rojas,296-28-6877,"6859 Smith Vista Apt. 228
Sarahton, SC 53789",Y,miles
57,Joshua Vargas,557-48-1090,"USS Brown
FPO AP 99643",Y,hours
58,Samantha Roberson,443-77-2681,"12713 Hendricks Square Apt. 475
Washingtonborough, OK 93240",Y,hours
59,Holly Mays,864-11-5355,"702 Drake Fords
West Nathanburgh, TN 38928",N,miles
60,Melanie Howard,146-90-0353,"01815 Morris Views Apt. 591
New Ginafort, PR 83589",Y,hours
61,Meredith Hamilton,818-28-8780,"9166 Powell Vista Apt. 469
Monicafurt, LA 08746",Y,miles
62,Luis Taylor,451-56-0440,"768 Sharon Flats Suite 477
Pamelaborough, MD 41751",Y,miles
63,Ronnie Jimenez,833-38-7715,"289 Scott Extensions Apt. 647
North Jeffbury, NV 35129",Y,hours
64,Harold Ingram,363-94-9012,"10446 Samantha Stravenue Suite 407
Port Hector, PR 53417",Y,miles
65,Monica Parker,493-31-0164,"USCGC Hodge
FPO AA 89228",N,hours
66,Deanna Sanchez,218-63-0950,"55116 Huynh River
West Paulmouth, PA 59608",Y,hours
67,Kristen Diaz,694-76-6940,"7952 Diaz Mountain Apt. 646
Tanyachester, AZ 56679",Y,miles
68,Christopher Mccormick,220-82-6391,"38670 Shawn Well
Lake Justin, MN 55581",N,hours
69,Lisa Carlson,660-18-4293,"891 Nelson Station
East Rebecca, MI 25494",N,hours
70,Elizabeth Clark,052-30-6545,"326 Long Junction
East Michelle, MP 17937",Y,miles
71,Michael Jones,115-11-0144,"638 Maria Vista
North Michael, MT 90190",Y,miles
72,Kelly Harrington,889-03-3277,"16737 James Gardens
Port Meganburgh, MH 51723",N,miles
73,Eric Wilson,453-60-2508,"USCGC Francis
FPO AA 49868",Y,miles
74,Amanda Mullins,248-07-8216,"88755 Kim Square
Timothyville, MT 23868",N,hours
75,Amanda Ramos,160-51-0465,"542 Thompson Circles
North Jessicahaven, PW 80173",N,miles
76,Nina Nelson,829-73-6657,"72610 Wanda Ridges Suite 740
Joshuamouth, VI 06780",Y,miles
77,Katie Wiggins,551-14-9319,"72196 Hunter Stream Suite 373
Lorihaven, IN 33034",N,hours
78,Christine Wright,452-22-1506,"1790 Tamara Mountain
Markview, OR 46547",N,hours
79,Patricia Bryant,254-79-2214,"8218 Johnson Land Suite 529
Michaelton, MH 86607",N,hours
80,Alison Odonnell,415-68-7957,"1659 Hoffman Locks
Jamiechester, UT 07092",Y,hours
81,Jody Browning,756-94-1659,"916 Joseph Ramp
Larachester, DE 77668",N,hours
82,Justin Chambers,738-47-4334,"86993 Young Walks
Russotown, MT 27175",Y,miles
83,Angela Riley,622-76-5094,"61611 Ramos Point
Kristiehaven, SC 84387",Y,miles
84,Amanda Carroll,785-50-1915,"PSC 5676, Box 2157
APO AE 11133",N,hours
85,Rebecca Payne,070-42-3305,"2170 Thomas Camp Apt. 734
Port Donaldhaven, LA 75086",N,miles
86,Mr. Antonio Trevino DDS,751-83-1355,"803 Kelly Ridges Apt. 936
East Colleenland, WY 62853",Y,hours
87,James Bullock,431-45-9018,"08027 John Curve
New Anitafort, NY 13260",Y,miles
88,Timothy Hebert,330-73-9607,"49448 Martinez Roads Apt. 100
New Christopher, FL 16495",N,miles
89,Jennifer Green,404-60-0857,"7518 Rodriguez Spur Suite 822
Karenfurt, IN 54308",N,hours
90,Tracy Edwards,516-84-8872,"22052 Brandon Common
Patrickbury, MP 05896",N,hours
91,Mark Peterson,871-41-8403,"707 Emily Branch
Salinasmouth, PW 89906",Y,miles
92,Whitney Smith,504-41-9353,"8863 Murphy Cape
Sarahburgh, MO 74064",N,miles
93,Michael Delgado,638-15-7101,"546 Thomas Orchard
Chenside, VA 51687",N,miles
94,Stephen Gomez,373-49-4343,"54514 Lucas Loop
Cooperville, OH 79127",Y,hours
95,Dylan Smith,835-62-3567,"803 Emily Trafficway Suite 257
Lake Trevorshire, VI 71823",Y,hours
96,Christine Hayden,226-15-4927,"1398 Eric Views Suite 156
West Michaelmouth, OK 84162",Y,miles
97,Jonathan Smith,604-35-0467,"74550 Adams Cape
Robertston, SC 19287",Y,hours
98,Courtney Small,691-37-4319,"13723 Hodges Pike Apt. 187
Port Brianshire, CT 28008",Y,miles
99,David Kelley,654-18-6979,"78784 Linda Land Apt. 264
West Paigeburgh, MD 32515",Y,hours
100,Lisa Morales,650-63-9398,"5614 Dickerson Square Suite 684
Petersenfort, MS 68073",Y,hours
101,Michele Diaz,430-96-0053,"670 Melissa Extensions Suite 577
Port Sheenamouth, UT 68537",N,miles
102,Thomas Strong,295-42-1229,"30114 Patricia Fords
Rachelbury, IN 90043",Y,hours
103,Amber Williams,515-88-6813,"397 Torres Mills
Bryanmouth, MI 10610",N,hours
104,Allison Cox,392-61-8790,"20497 John Flats Apt. 427
South Chrishaven, MN 65175",N,miles
105,Emily Houston,730-19-2682,"298 Keller Spurs
South Jillfurt, AK 44605",Y,miles
106,Timothy Singh,609-54-4731,"52087 Donna Mission Suite 496
North Brittany, KY 90597",N,miles
107,Noah Tanner,032-27-4801,"5798 Gutierrez Place Suite 203
Nancyfort, FM 37674",N,miles
108,Brian Little,566-66-4712,"70325 Joseph Village Suite 372
Thomasside, VA 21610",Y,miles
109,Ashley Johnson,113-78-4528,"34528 Connor Turnpike Apt. 679
South Edward, MH 34214",Y,hours
110,Jane Jimenez,600-48-0482,"6292 Patrick Mount
Port Joshuastad, GA 59806",Y,hours
111,Sandra Patterson,237-28-8283,"9039 Green Rue
East Michael, MT 55301",N,hours
112,Kevin White,858-22-2953,"52346 Daniel Row Apt. 967
Port Danielberg, IA 73851",N,miles
113,Lisa Rivera,604-94-0686,"23584 Harris Meadow Suite 395
North Ashley, OH 60430",Y,miles
114,Adrian Estes,386-75-3132,"690 Wood Stravenue Apt. 815
Elizabethview, SD 16994",N,miles
115,Angela Doyle,469-38-0472,"7586 Kelly Knolls Suite 396
East Steven, MA 75069",N,hours
116,Anthony Shaw,581-42-3093,"42656 Thomas Coves Suite 767
Marciaborough, PW 54561",Y,miles
117,Cathy Baker,577-11-1218,"PSC 0209, Box 4666
APO AA 60792",Y,miles
118,Justin Collins,571-33-1324,"643 Richard Flats Apt. 273
Teresamouth, KY 63864",Y,miles
119,Elizabeth Mills,045-20-8553,"758 Ayala Grove
Moniqueborough, SD 92696",N,miles
120,Glenn Sullivan,256-82-4529,"5012 Martinez Parks
Cristianmouth, OK 14053",N,hours
121,Ronald Wood,265-05-1925,"6026 Shields Valleys Suite 135
North Henrychester, MI 05226",Y,miles
122,James Mack,052-78-8197,"61624 Deanna Highway
Donaldborough, MO 09667",Y,hours
123,Michael Miller,084-92-2646,"924 Johnson Stream Apt. 282
North Michaelberg, NH 42782",N,hours
124,George Carter,868-65-9651,"692 Floyd Ports
South John, WI 37901",N,hours
125,Sierra Miles,632-10-9109,"28836 Makayla Harbors
Lake Craigberg, NC 44461",N,hours
126,Jennifer Stevens,389-41-1881,"2642 Watson Lodge
Cervantesmouth, MH 02401",Y,hours
127,Mrs. Teresa Brown MD,244-08-5185,"PSC 5378, Box 9160
APO AE 26708",Y,hours
128,Mary Spears,286-30-6810,"72641 Blake Summit Suite 566
Bryantchester, SC 32550",N,miles
129,Matthew Middleton,049-42-1580,"9066 Keith Mills Suite 202
North Micheal, LA 24145",Y,hours
130,Marissa Brown,826-50-6032,"454 Harmon Junctions
Morganton, PA 70870",N,miles
131,Travis Miller,459-96-0047,"6395 Jacqueline Camp
Port Stephanietown, NH 92412",Y,hours
132,William Arellano,735-47-4170,"8063 Nicholas Gateway Suite 005
New Paulaport, PA 31796",Y,miles
133,Phyllis Fuentes,643-26-4643,"70787 Jose Glens
Morganfort, DE 24496",Y,miles
134,Maria Velez,478-73-0569,"8881 Linda Mount
Garciaburgh, PW 80812",N,hours
135,Christine Fuentes,756-20-0617,"2360 Sharon Rest
New Joseph, OR 81154",N,hours
136,Oscar Johnson,056-75-0166,"06412 Melissa Key
Deanton, UT 13463",N,hours
137,Katherine Washington,839-09-1500,"6022 Cynthia Oval Apt. 846
Sotochester, SD 38200",Y,hours
138,David Holloway,284-68-5861,"398 Bishop Alley
New Aaron, NY 15448",Y,hours
139,Stephanie Hunt,229-32-1377,"PSC 7479, Box 0360
APO AP 56652",N,miles
140,Mary Ramirez,710-11-7686,"76054 Carly Lane
Lake Caleb, NH 27474",Y,hours
141,Andrew Martinez,871-67-0463,"8471 Spencer Squares
Christinabury, AS 78810",N,miles
142,Rachel Campbell,373-61-9240,"7003 Gonzales Villages Suite 999
South Lisa, RI 68381",Y,hours
143,Michael Martinez,508-52-9085,"383 Gabriel Via Suite 713
Brendanchester, NJ 05965",Y,miles
144,Luis Castro DDS,847-78-6486,"612 Martin Parkways Apt. 589
Robinsonchester, KY 87359",Y,miles
145,Michael Banks,170-51-6876,"5158 Anthony Club Suite 028
East Nicholasberg, PR 88335",Y,miles
146,Shane Norris,199-10-8650,"726 Emma Manor
West Michael, PR 34508",N,hours
147,Dr. Donald Ball,559-80-4244,"049 Smith Forest
East Destiny, NV 92055",N,miles
148,Brittney Russell,332-83-1841,"374 Daniels Field Suite 694
Sabrinafort, UT 86080",Y,miles
149,Cassandra Mathews,115-09-4467,"33078 Randy Skyway
South Tinaview, OH 88893",N,hours
150,Lisa Moore,251-39-4879,"229 Bailey Islands Suite 266
Jamesport, UT 84024",N,miles
151,Ashley Harper,738-18-1585,"238 Montgomery Route Suite 665
South Sarah, NE 82806",Y,hours
152,Makayla Castillo,184-51-9986,"072 Arthur Centers Apt. 576
New Stevenside, AL 57184",N,miles
153,Tim Torres,622-97-1085,"17018 Bird Throughway Apt. 323
South Cheryl, NV 66743",Y,hours
154,Katherine Jones,331-41-1032,"10696 Boyer Spurs
Kiaraville, NM 43550",N,miles
155,Ms. Amber Gill,561-80-6895,"53070 Richard Passage
Anthonyberg, WV 71117",N,hours
156,Justin Lopez,420-66-9309,"434 David Dale
Jonesfurt, NC 02628",Y,miles
157,Diana Smith,603-36-8394,"17166 Wright Port Suite 425
Mckenziefort, TX 44804",Y,miles
158,Jonathan Romero,527-59-1887,"198 Kristi Manors
Johnsonmouth, GU 87559",N,hours
159,Pamela Frederick,111-77-2193,"3428 Mallory Lodge
Reneestad, NM 45804",N,miles
160,Louis Jimenez,233-53-7280,"USNS Rivers
FPO AA 29361",Y,hours
161,Brian Woods,058-83-0586,"240 Diaz Radial Apt. 186
Riverahaven, MA 43884",N,miles
162,Norman Meyers,656-88-4224,"6304 Hall Pines Apt. 458
Port Saratown, MO 34762",Y,hours
163,Robert Middleton,209-52-8240,"142 Morris Union Apt. 832
Lake Hannahtown, TN 79704",Y,miles
164,Bruce Moore,139-37-2178,"687 Katelyn Mission
Mirandaview, WV 14351",Y,hours
165,Maria Ross,626-34-0371,"67398 Burke Circles
Levinetown, NV 75409",N,miles
166,James Hill,235-01-5971,"PSC 1815, Box 5528
APO AA 23353",Y,miles
167,Joe Cruz,211-58-6147,"5555 Robert Junctions Apt. 760
Jonathanfurt, VI 96648",Y,miles
168,Anthony Thomas,358-17-0971,"78481 Simon Mission
Lewisville, FM 50814",N,miles
169,Michelle Cook,693-34-7004,"91800 Kelly Lake Apt. 349
West Todd, SD 31567",Y,miles
170,Amanda Moore,612-96-9835,"16237 Jamie Loop
Garrisonberg, LA 37351",N,hours
171,William Wilson,176-69-8348,"USNS Lopez
FPO AA 04545",Y,hours
172,John Bryant,338-65-6872,"4678 Jessica Keys
New Adamport, DE 29967",Y,miles
173,Daniel Gibbs,699-18-3150,"37610 Kimberly Trafficway Suite 517
East Alexbury, MT 12410",N,hours
174,Charles Collier,653-65-1374,"19329 Tamara Rapids Apt. 779
Alyssamouth, ID 34114",N,miles
175,Charles Butler,426-58-4982,"82048 Austin Bridge
Whitemouth, VA 08379",Y,miles
176,Stephen Chapman,447-17-4583,"USNS Conner
FPO AA 38828",N,miles
177,Amanda Adkins,264-67-8845,"7643 Johnson Knoll Apt. 939
West Michele, CA 00675",Y,miles
178,Timothy Davis,122-33-5209,"8546 Hamilton Drive Apt. 664
Kerritown, MP 96069",N,hours
179,Amber Logan,015-68-0532,"96817 Anderson Drives Suite 964
West Hannah, AS 44699",N,hours
180,Adrian Logan,777-92-6361,"46888 Jacqueline Extension
New Michellebury, WA 40828",Y,miles
181,Henry Weber,414-79-3742,"Unit 2175 Box 0070
DPO AE 62211",Y,miles
182,Kevin Pruitt,178-63-9312,"PSC 5638, Box 1107
APO AA 02244",Y,hours
183,Heather Contreras,625-58-6569,"32033 Henson Flats
New Matthewland, IA 21890",N,hours
184,Abigail Rice,532-74-9545,"3085 Carter Fork
Johnsonland, NY 72062",Y,hours
185,Amanda Craig,132-73-3688,"0240 John Junction
Amandamouth, KY 06820",Y,miles
186,Dean Wolf,203-76-2916,"917 Watson Isle Suite 905
New Michael, VI 17592",N,miles
187,Matthew Parker,723-21-5246,"4700 Blackburn Springs
New Christophermouth, VT 34410",Y,hours
188,Juan Delgado,210-63-3317,"PSC 2660, Box 2509
APO AP 83809",N,miles
189,Eric Peters,218-47-6490,"652 Joanna Island
New Phillipburgh, IA 84740",Y,miles
190,Kelly Smith,528-04-5208,"USCGC Ortega
FPO AP 97345",Y,hours
191,Vanessa Adkins,288-67-4962,"8848 Kevin Path Suite 682
Sierraside, ID 27081",Y,miles
192,Robert Martinez,574-45-9699,"425 Sarah Landing Apt. 517
Tashashire, IL 50239",Y,hours
193,Janice Frazier,635-16-7291,"016 Casey Rue Apt. 175
Millsburgh, RI 63750",Y,hours
194,Nathan Anderson DVM,035-83-3236,"574 Freeman Plaza Suite 531
Nathanielton, SC 03054",Y,miles
195,Brian Mcknight,472-52-9321,"546 Landry Burgs Apt. 341
North Tiffanyton, CA 70262",N,miles
196,Kevin Anderson,052-87-3044,"822 Norman Harbor
Jaredland, TN 38989",Y,miles
197,Tamara Weeks,254-66-7815,"86058 Ashley Knolls
Gregoryside, DC 42359",Y,hours
198,Ian Torres,415-07-1423,"96963 Alexandria Inlet
Tonyport, ND 05327",Y,miles
199,Roger Blackwell,707-50-6009,"5977 Christopher Valleys Suite 364
Donnamouth, CO 91724",N,hours
200,Kari Johnson,221-49-4577,"04166 Davidson Summit
South Alejandro, AK 29911",Y,miles
201,Keith Moreno,538-24-4862,"507 Heather Lodge Suite 247
North Justin, VI 55890",Y,hours
202,Darren Espinoza,758-36-3901,"1661 Walker Valleys Suite 213
Thomasside, MD 56137",Y,hours
203,Scott Perkins,767-13-1060,"70578 Hanson Corner
Monicamouth, IN 90642",N,miles
204,Lisa Alexander,210-36-5364,"626 Rose Tunnel
West Louisstad, MA 68109",N,miles
205,Nicole Robinson,486-05-0011,"1054 Robert Square
Sabrinaside, GA 19065",Y,miles
206,Ashley Marquez,032-84-3272,"PSC 2056, Box 1392
APO AP 38541",Y,hours
207,Savannah Nelson,590-16-9862,"5097 Washington Green Suite 278
West Anafort, ME 05701",N,hours
208,Anna Cortez,759-33-7866,"43367 Alexander Land
East Anthonytown, FL 07828",N,miles
209,Claudia Garcia,459-85-4407,"04232 Bell Glen
North Johnhaven, DE 99361",N,hours
210,Lee Olson,456-21-9187,"051 Jamie Shores Suite 868
East Cindy, ND 67945",N,hours
211,Sabrina Chapman,091-33-3127,"811 Natalie Circle
South Alyssa, KY 53171",N,miles
212,Mark Gibson,851-76-6251,"04928 Robert Brook
Grossberg, TN 69683",N,hours
213,Kimberly Rodriguez,016-34-3750,"243 Washington Loop
East Anne, CT 76302",Y,miles
214,Thomas Brown,614-97-6894,"65006 Hawkins Junctions Suite 837
New Joseph, TX 86073",Y,hours
215,Dr. Ann French,037-42-5291,"86861 George Mission Suite 165
Lopezview, FL 78398",N,hours
216,Richard Morrison,568-17-4051,"08292 Brown Meadows Apt. 340
West Christopher, OH 83295",Y,hours
217,Joseph Johnson,725-45-5315,"04906 Jennifer Green
Lake Suzanne, ID 91118",N,hours
218,Cindy King,857-90-2189,"2898 Sharon Walks Suite 602
Moniquechester, NM 45186",Y,miles
219,Christina Quinn,403-01-2710,"32518 Ward Island Suite 808
North Sherri, NE 28987",Y,miles
220,Kristen Sullivan,576-22-1008,"Unit 3783 Box 4875
DPO AA 74723",Y,miles
221,Mr. Gilbert Griffith,059-15-4987,"61179 Castillo Cliff Suite 686
East Theresaton, CA 25572",N,hours
222,Sierra Larsen,705-09-4162,"58445 Johnson Spur Suite 945
Danieltown, OK 86315",Y,miles
223,Mrs. Desiree Pena,427-92-7493,"5881 Jasmine Underpass
Beasleyhaven, OK 66838",Y,miles
224,Paul Perkins,153-90-1664,"751 Contreras Brook Apt. 178
West Geoffreyville, NY 66348",N,hours
225,Mary White,380-57-9890,"8621 Moore Tunnel
West Thomasfort, NH 31548",N,miles
226,Megan Sellers,592-34-7610,"Unit 0718 Box 2752
DPO AE 18660",N,hours
227,Daniel Bruce,750-39-2170,"7452 Nicole Mountain Suite 474
South Annachester, HI 38009",N,hours
228,Angela Hunter,317-10-7442,"4392 Miller Loop Suite 938
Cooperfurt, OH 89247",N,hours
229,Diana Williams,503-70-9338,"2544 Coffey Bridge
Lake Christopher, GU 92010",Y,hours
230,Kristina Walton,192-79-9810,"9701 Lewis Route Suite 640
New Jeffrey, ND 03697",N,hours
231,Breanna Edwards,866-32-7664,"38442 Mann Lock Suite 393
New Paulside, RI 24938",Y,hours
232,Jennifer Davis,637-02-0988,"86995 Tyrone Glen Suite 881
Kevinburgh, NV 15345",N,hours
233,Martin Rodriguez,419-21-8270,"05938 Stephanie Fords
Jaimehaven, MD 08385",N,miles
234,Melinda Rivera,278-39-3183,"90158 Charles Fields
Katherinestad, WY 51607",N,hours
235,David Baker,576-67-2096,"17947 Long Oval
Floresfurt, TN 05702",Y,hours
236,Bobby Cruz,700-37-5070,"354 Fritz Drive Apt. 809
Michaelchester, OR 48428",Y,hours
237,Michael House,339-01-5586,"377 Vega Flat Suite 939
North Jordan, OH 67261",N,hours
238,Sandra Kennedy,785-08-2788,"50727 Brown Highway
Zamorafurt, PR 63346",N,hours
239,Angela Weaver,458-84-8244,"446 Harris Lodge Suite 260
Kingchester, RI 55449",N,hours
240,Christine Walls,424-66-2622,"87891 Marquez Plains Suite 131
West Jennamouth, TX 38735",Y,hours
241,Justin Anderson,230-04-6486,"945 Pamela Springs Apt. 843
Port Justinhaven, CO 21966",N,hours
242,Lisa Faulkner,025-76-1817,"93242 Lynch Isle
West Robertmouth, IA 85742",N,miles
243,Kelly Lam,628-97-1464,"664 Zuniga Hills
North Stephaniefurt, MS 70715",N,miles
244,Sean Beck,764-33-1280,"43827 Adam Cliffs Apt. 020
Stephenville, MN 21246",N,hours
245,Christopher Hogan,650-01-0753,"5468 Katrina Bridge
New Jamesfort, WA 98650",Y,hours
246,Chase Johnson,506-46-4768,"922 Jonathan Course
Robinsonville, FL 12739",N,hours
247,Terri Wolf,057-08-7469,"70594 Jonathan Stravenue
New Paigemouth, UT 83718",Y,miles
248,Ruth Gibson,851-55-9182,"382 Robert Plains Apt. 722
Lake Richard, MT 56601",Y,hours
249,Amanda Jimenez,426-75-7350,"38350 Sandy Junctions Suite 768
Fosterview, IA 36708",Y,miles
250,Tanya Wilson,587-01-7802,"54933 Margaret Heights Suite 500
Kellyside, NM 57878",Y,hours
251,Rebecca Nelson,011-93-5094,"46259 Cervantes Tunnel
Ramirezberg, NE 70324",Y,hours
252,Michael Brown,502-27-7895,"50556 Joshua Centers
Bassville, ID 30073",Y,miles
253,Jessica Nichols,220-99-5484,"7646 Victoria Crescent Apt. 166
Robersonview, CO 17466",Y,hours
254,Tiffany Robbins,558-32-3273,"44241 Adams Flat
Coxmouth, ME 58494",Y,miles
255,Lori Smith,051-34-8562,"07222 Savage Center
Julieburgh, WY 69799",Y,hours
256,Sydney Palmer,617-99-4540,"6104 Watts Curve Suite 426
South Rachel, NV 87370",N,miles
257,Mr. Michael Hernandez,556-26-9834,"89521 Dawson Orchard
Chadshire, WV 80420",Y,miles
258,John Velasquez,739-02-0869,"0669 Haas Stream
Lake Emilyburgh, AL 65686",Y,miles
259,Tracy Hardy,468-43-3432,"3209 Robbins Valleys Suite 006
Porterfort, CO 04313",N,miles
260,Eric Gardner,408-24-2926,"2582 Hicks Squares Apt. 444
South Matthewton, IN 46826",Y,miles
261,Suzanne Wagner,571-50-4802,"64793 Craig Road
Millerberg, ND 57950",N,hours
262,Kelly Larsen,280-09-3303,"299 Young Wells
Riveraborough, CA 37508",N,miles
263,Virginia Russell,125-40-7633,"92073 Jones Pines Suite 261
North Karenborough, TX 79364",Y,miles
264,Veronica Carter,642-60-8209,"USNV Adams
FPO AE 29933",N,miles
265,Shelley Griffin,772-75-6915,"5274 Mata Drive
Watersburgh, MT 07913",N,miles
266,Tony Olsen,693-71-5035,"73784 Rebecca Forge Apt. 700
Anthonyport, OH 83000",Y,hours
267,Bradley Cruz,522-43-3253,"0433 Wilson Prairie Apt. 064
South Alexis, WV 59109",N,miles
268,Stacy Davidson,071-33-4046,"80147 Connie Ridges Suite 061
Pattontown, MD 11762",N,miles
269,Daniel Alexander,574-25-5718,"7223 Mcclain Tunnel Apt. 193
West Brettburgh, OR 78719",N,hours
270,Sean Wright,567-77-1273,"0884 Myers Ridge Apt. 730
Deniseland, IL 30171",Y,miles
271,Christopher Ritter,417-60-0436,"242 Larson Forge Apt. 902
Sheltonland, LA 14642",N,miles
272,Michael Montoya,338-30-5512,"Unit 3110 Box 8243
DPO AE 57836",N,hours
273,Dennis Walton,693-15-8998,"079 Lawrence Garden Apt. 878
Cranemouth, NH 52306",N,hours
274,Edward Estrada,100-73-0740,"2043 Wanda Dale
North David, NJ 91056",N,hours
275,Matthew Pugh,732-88-4374,"794 Jennifer Mountain Suite 191
West John, ME 07316",Y,hours
276,Patrick Washington,230-27-1667,"32072 Mary Crescent
Ariasbury, KS 25478",Y,hours
277,Richard Thomas,021-90-1883,"145 Brown Road Apt. 457
Fisherhaven, VI 82422",Y,hours
278,Matthew Snyder,440-41-7571,"111 Butler Center
Heatherside, MO 02866",N,hours
279,Calvin Cummings,134-88-6382,"8965 Brad Squares Apt. 555
Santiagoside, KS 27304",N,miles
280,Carmen Glenn,324-42-9483,"439 Michael Pass Suite 026
Sotomouth, NJ 06667",N,hours
281,Daniel Brown,410-92-2693,"94797 Bates Squares
Chavezhaven, MO 41203",Y,miles
282,Juan Brown,496-20-5998,"70943 Joseph Trafficway
Juanland, WV 85755",Y,miles
283,Anna Phillips,876-62-1781,"8544 Velasquez Cliffs Suite 293
Bradleytown, WA 14821",Y,hours
284,Joshua Schultz,327-87-1042,"42506 Krista Lodge
New Davidhaven, HI 17462",N,miles
285,Olivia Wallace,225-25-3217,"205 Robert Ferry Apt. 230
Shawnport, AZ 40635",N,hours
286,Brittany Bowman,009-58-1218,"251 Franklin Stravenue
New Katelynton, WA 77736",Y,hours
287,Sarah Black,861-49-3238,"3352 Wilson River
Port Nicholas, MT 03987",N,hours
288,Michael Smith,166-76-0215,"33755 Jennifer Ways Apt. 902
Port Damonview, CT 92645",N,hours
289,Michael Williams,723-03-8282,"069 Kara Overpass
Kelseyfurt, CT 39862",Y,hours
290,Angela Koch,765-43-7912,"744 Benson Village Apt. 404
Lake Michaelport, CT 63241",Y,hours
291,Zachary Mckee,806-41-8907,"9566 Beck Village
West Christina, FM 81987",N,miles
292,Aaron Mendoza,662-44-4137,"51797 Chelsea Fall
Theodoreton, TN 20375",Y,miles
293,David Robinson,562-30-7535,"077 Brent Coves Apt. 031
Kimton, MO 78756",Y,hours
294,Justin Nelson,064-64-1066,"246 Pittman Forks Apt. 922
West Marktown, UT 73704",N,miles
295,George Coleman,067-45-2862,"7363 Rebecca Rest
Josehaven, DE 00565",N,miles
296,Edward Warren,252-34-7407,"1163 Carlos Drive
New Tara, OR 87576",N,miles
297,David Ford,441-32-2269,"8505 Kristi Orchard Suite 566
Lake Ashleystad, NJ 44075",Y,miles
298,Daniel Wilson,731-40-6096,"2672 Andrews Unions
East Dawnville, ME 11034",Y,hours
299,Jessica Brown,491-86-3561,"4894 Wayne Throughway
Leetown, NC 33779",N,hours
300,Joshua Anderson,647-89-0526,"75610 Mario Lake
Romerostad, FL 45270",Y,hours
301,Alexandria Wallace,057-50-7583,"01681 Joshua Way
Stantonburgh, PW 20407",Y,miles
302,Ashley Davis,519-81-7603,"5511 Smith Divide
East Kelli, IA 16550",Y,miles
303,Elizabeth Walters,341-09-9654,"874 Kidd Station
New Robert, OK 69191",N,hours
304,Wendy Aguilar,463-17-6422,"5375 Riley Wall
East Eileen, MS 97429",Y,miles
305,Henry Randall,161-24-3548,"744 Barbara Glens Apt. 008
Raybury, KY 80655",Y,miles
306,Joshua Gregory,683-07-0008,"14840 Garza Shores
New Ginaborough, NJ 82464",Y,miles
307,Sean Cox,761-33-8001,"42079 Lopez Glens Apt. 896
North Cameronburgh, GU 83626",Y,hours
308,Christina Ross MD,482-34-9388,"06082 Baker Estate Suite 765
Brownburgh, NY 26334",Y,hours
309,Richard Adams,465-12-5115,"170 Jennifer Circle
Matthewton, AR 79916",N,hours
310,Francisco Davidson,459-66-9484,"91977 Lee Grove Suite 190
Lake Anthony, NE 64758",N,miles
311,Daniel Oconnor,608-30-0923,"Unit 0683 Box 9704
DPO AA 43123",Y,hours
312,Kristina Mann,367-02-5672,"1497 Abbott Haven
Amandaborough, PA 91296",Y,hours
313,Sandra Crosby,786-13-4599,"533 Mendoza Vista Apt. 829
Devinview, PW 88005",Y,miles
314,Maria Chavez,797-60-8428,"USCGC Wright
FPO AP 07279",N,hours
315,Karen Wilkins,522-90-2806,"820 Wilson Courts
Tracifurt, PW 14982",N,miles
316,Lisa Liu,094-61-2460,"13014 Turner Ridge Suite 476
Ortegaton, DC 32960",N,miles
317,Billy Phillips,878-50-1932,"PSC 1125, Box 9105
APO AA 23028",N,hours
318,Toni Moss,101-20-9248,"580 Holloway Hills Apt. 776
Jacobfurt, OR 15695",Y,hours
319,Amanda West,102-97-7509,"4994 Gerald Freeway
North Suzannebury, DE 99852",N,hours
320,Gary Marquez,597-42-2652,"9921 Reeves Glens
Lake Bobbyhaven, MO 31678",N,miles
321,Alexander Adams,630-80-0210,"20750 Amy Fort Apt. 802
Donaldton, ND 20996",N,hours
322,Shane Williams,836-75-2402,"4065 Thomas Square
Shermanfort, CT 27334",N,miles
323,Robert Wright,139-99-4257,"27267 Bishop Gardens Apt. 174
West Jessica, HI 24515",Y,hours
324,Billy Smith,128-30-2399,"69148 Erica Tunnel Suite 896
Mcmillanberg, OK 55861",Y,miles
325,Cheryl Hodges,781-72-8270,"14011 Lauren Brook Suite 429
South Samuelland, WY 98427",N,miles
326,Caleb Edwards,669-92-4112,"Unit 3712 Box 9842
DPO AA 53130",Y,hours
327,Kenneth Williams,515-20-4045,"28485 Lopez Manors
Hallshire, RI 29127",Y,miles
328,Harry Santos,299-48-8596,"70761 Cathy Neck
Ramirezside, AR 47845",N,hours
329,Tyler Hancock,251-53-5391,"3460 Thomas Springs Suite 040
Santanafort, SC 00845",Y,miles
330,Veronica Edwards DDS,010-51-4845,"48658 Singh Square Suite 244
East Michelle, OK 88115",N,hours
331,Deborah Smith,332-95-2442,"4273 Tran Rest
Ashleybury, WY 31788",Y,hours
332,Eric Robertson,360-24-3437,"021 Charles Pines
Georgechester, MI 75233",Y,miles
333,Teresa Roberts,550-36-9040,"353 Mark Centers
West Courtneyport, MS 44593",N,miles
334,Eric Smith,389-07-2793,"011 Bowers Hollow
Hughesside, AZ 01707",Y,hours
335,Edward Nelson,211-36-7335,"4940 Gomez Loop Apt. 454
South Michelleside, VT 06164",N,hours
336,Claire Scott,215-29-2410,"92956 Kevin Path
Jessicafort, IA 97456",N,miles
337,Shannon Nichols,369-70-1028,"6257 Ryan Courts Suite 158
New Felicia, VT 16918",Y,miles
338,Barry Gill,510-33-6604,"1854 Hubbard Corners
Port Randyfort, OH 95801",N,hours
339,Amy Wagner,656-93-8522,"456 Scott Track Suite 227
Benjaminview, TX 87004",N,miles
340,Derrick Murphy,598-89-2861,"372 Kevin Motorway Suite 461
Port Paige, FL 24096",Y,hours
341,Emily Smith,146-90-6617,"7870 Gerald View
Darrellton, IA 50124",N,hours
342,Dennis Lowery,546-40-3808,"03038 Wilson Ridges
Matthewton, PW 35929",N,hours
343,Amy Lowery,020-72-1923,"5383 Sarah Estate Apt. 237
Lake Christyside, HI 21752",N,miles
344,Justin Thomas,311-71-1634,"Unit 3960 Box 6950
DPO AE 84944",Y,hours
345,Sheila Hernandez,549-67-6613,"5333 Adrian Burg Apt. 917
North Brettstad, MT 69935",N,hours
346,Travis Schneider,054-30-7058,"136 Santiago Creek Suite 009
South Kimchester, VT 19975",Y,miles
347,Kenneth Odom,616-90-2276,"6049 William Mission
West Nicole, KY 25920",Y,hours
348,Mary Martinez,526-09-9479,"5357 Snow Extensions
South Justin, GU 61958",Y,hours
349,Jason Buckley,347-95-5431,"0866 Pena Union Suite 255
North Christopher, TN 31348",N,hours
350,Brandon Martin,587-26-5671,"USNV Anderson
FPO AP 48992",N,hours
351,Ronald Williams,103-66-3121,"86309 Young Spring
East Patriciaville, TN 80684",Y,hours
352,Susan Davis,602-89-1903,"959 Martinez Circle Suite 518
Pacechester, MH 89634",Y,miles
353,Theresa Palmer,894-08-7241,"670 Mia Underpass Apt. 539
Graytown, AS 73812",N,hours
354,Joseph Ingram,378-24-6329,"USS Henry
FPO AA 22901",N,hours
355,Dawn King,460-57-2865,"USNV Adams
FPO AP 26226",Y,hours
356,Maria Luna,291-92-9331,"975 Steven Gardens Apt. 342
Colleenmouth, AR 80131",N,miles
357,Paul Thompson,607-45-7662,"440 Frost Circles
New Jasmineborough, NH 03574",N,miles
358,Martha Barton,788-75-5447,"0007 Michael Rue
Ashleyborough, OK 53519",N,miles
359,Alex Guzman,667-27-7495,"30707 Mayer Divide
Michealside, HI 74866",Y,hours
360,Maria Anderson,102-45-5667,"464 Julie Burgs Suite 617
North Abigail, WI 44081",Y,miles
361,Cindy Jones,263-81-1871,"5498 Olson Alley Suite 820
West Peterchester, NY 22104",Y,hours
362,Katherine Palmer,415-31-0126,"550 Garcia Lodge
North Kenneth, LA 82430",Y,hours
363,Jeffrey Alexander,218-84-3202,"9543 Simmons Lodge
North Robinberg, LA 45215",Y,miles
364,Steven Coleman,117-72-3820,"81406 Wilson Trafficway Suite 300
Port Williamberg, RI 62329",N,miles
365,Jenna Pruitt,244-80-1244,"51994 Patel Course Apt. 384
North Brittany, GU 29674",N,miles
366,Kenneth Burgess PhD,282-92-0067,"399 Matthew Lane Apt. 548
South Nicholas, IA 34040",N,miles
367,Joseph Gibson,337-37-0456,"84289 Kramer Courts
Dennismouth, NJ 56585",N,miles
368,Kevin Martinez,544-55-0173,"769 Hernandez Pike Apt. 598
Port Victoria, IN 09374",N,hours
369,Jason Fletcher,724-25-2189,"134 Latoya Fall
Adamschester, MP 46846",Y,miles
370,Colleen Valdez,440-31-7755,"506 Johnson Isle Suite 885
Delgadoview, VT 56148",Y,hours
371,Joshua Kim,435-30-8231,"50255 Christian Inlet Suite 115
East Brittneyfurt, NC 98654",N,hours
372,David Jimenez,534-78-9163,"6747 Hodge Fields
Port Angela, AS 82746",N,hours
373,Garrett Watts,259-42-4394,"3660 Gutierrez Forest Suite 316
North Nathanburgh, CT 21381",Y,miles
374,Tiffany Smith,167-74-8468,"27987 Whitney Avenue Apt. 163
West Jacobview, PR 23437",Y,miles
375,Fred Reyes,404-59-7530,"5778 Nicole Oval
Lake Leslie, OH 47418",Y,hours
376,Erica Lyons,111-80-2868,"4151 Jason Ports Suite 635
North Diana, FL 38236",Y,miles
377,Christopher Molina,300-52-6261,"Unit 7109 Box 6549
DPO AA 18292",Y,hours
378,Christopher Powell,814-97-1174,"4529 Trevor Prairie Suite 385
Noahshire, ME 39387",N,hours
379,Ellen Ramirez,221-95-2788,"3274 Luis Street
Toddland, NE 66196",Y,miles
380,Morgan Church,779-75-0687,"82665 Nichols Turnpike
Hinesfort, CT 89670",Y,miles
381,Johnny Thomas,216-73-7080,"Unit 4684 Box 6701
DPO AP 49086",N,miles
382,Joe Branch,173-59-5443,"27073 Harris Court
Markstad, KY 80786",Y,miles
383,Sarah Copeland,884-20-0626,"24352 Patel Shore Apt. 135
Gonzalesfurt, AL 93770",N,miles
384,Michael Carlson,588-23-0493,"546 Abbott Brook
New Rita, CO 78750",Y,hours
385,Stuart Chen,297-32-7576,"337 Douglas Orchard Suite 674
West Hannah, FM 63496",Y,miles
386,Megan Mayer DDS,553-33-5351,"2110 Angela Estates
East Brendachester, SD 56370",N,miles
387,Bianca Ramirez,043-78-3953,"93252 Cook Groves Suite 199
Paulport, LA 74369",N,miles
388,Katie Marshall,164-06-6592,"320 Elizabeth Causeway
Port Sherrihaven, HI 32291",Y,miles
389,Matthew Goodwin,659-94-7009,"USNS Anderson
FPO AP 58472",N,hours
390,Lee Johnson,553-76-8324,"034 Gary Crossing Suite 285
South Danielle, CA 64696",Y,miles
391,Lance Mitchell,493-04-6116,"56214 Ashley Lodge
Youngtown, MO 63486",N,miles
392,Cindy Ortiz,494-77-0220,"17637 Simmons Field
Seanmouth, WV 50770",N,miles
393,John Rowe,291-54-2977,"725 Beth Roads Suite 732
Dominguezland, DE 50589",N,hours
394,Brett Olsen,101-82-4475,"7664 Michael Walks Apt. 902
Lewisside, ND 23193",N,miles
395,Kelly Shepard MD,374-04-4465,"707 Abigail Crest
Martinezborough, MS 23804",Y,hours
396,Sarah Pope,174-71-0983,"2033 Barrett Canyon Suite 244
North Lorettamouth, NM 44368",N,hours
397,Jeremy Chaney,862-47-0443,"98583 King Parks Apt. 745
Andrewsbury, AS 24461",N,miles
398,Joshua Wells,172-38-7496,"4032 Nancy Gardens
Alisonville, MT 91938",N,miles
399,Elizabeth Mills,500-33-8519,"95187 Todd Walk
Johnathanside, CO 83526",N,hours
400,Erica Gibbs,206-77-0234,"4811 Mitchell Motorway Suite 525
New David, NM 81470",Y,miles
401,Michael Gates,257-49-2140,"PSC 4917, Box 8606
APO AP 65673",Y,miles
402,Tiffany Shelton,044-91-4801,"37117 Rodriguez Forks
Emilyside, MH 92345",N,hours
403,Diana Cook,413-20-7949,"18082 Joseph Street
Lake Alicia, AZ 96080",Y,miles
404,Michaela Brooks,372-55-6952,"0615 William Spring
Port Ronaldshire, MT 41784",N,hours
405,Andrew Harris,618-13-9524,"49533 Grace Shore
Davidburgh, TX 89193",Y,hours
406,Sarah Powers,736-53-5342,"6889 Heather Stream Suite 340
West Lauratown, MA 30510",N,hours
407,Angela Sanders,174-21-6006,"6249 Lopez Crossing
West Becky, NJ 76583",Y,hours
408,Miranda Wilson,333-58-6493,"925 Lindsey Station
South Alicia, SC 39494",Y,miles
409,Anthony Burgess,117-79-4865,"2877 Tara Flat
Romeroport, NV 02763",N,hours
410,Carla Coleman,439-67-4172,"988 Miller Camp
East Nathan, MH 36216",Y,hours
411,Christopher Lewis,280-27-8969,"5629 Jeremy Centers Suite 482
Karenton, WA 32682",Y,hours
412,Steven Clarke,593-29-9949,"679 Sarah Plaza
Lake Tammy, LA 84925",N,hours
413,Mia Davis,762-69-3959,"49147 Richard Ferry Apt. 424
Goodmanstad, MT 55076",Y,hours
414,Sandra Gonzalez,489-65-7532,"Unit 3726 Box 4948
DPO AP 74997",Y,hours
415,Bryan Cox,627-41-6440,"394 Nicholas Union Suite 838
North Angela, NY 85162",N,miles
416,Joseph Savage,528-68-6057,"35188 Wilkinson Freeway Apt. 248
Priceview, FM 94389",N,miles
417,Richard Lewis,169-19-0975,"986 Thomas Burgs
Lesliefurt, AS 26506",Y,hours
418,Stacy Turner,642-63-9657,"USNV Andrews
FPO AP 24142",Y,miles
419,Douglas Coleman,440-93-4178,"0493 Michael Drives
East Chelseaberg, TX 13415",N,miles
420,John Bautista Jr.,452-97-0461,"72155 Cristina Knoll Apt. 656
Stevensonmouth, PW 39631",N,hours
421,Allen Lee,484-49-6416,"870 Spencer Plaza
South Michael, OK 70273",N,miles
422,Rachel Johnson,338-95-3301,"809 Williams Landing Suite 569
West Jonathan, GA 28915",N,miles
423,Robyn Harding,023-51-6941,"93002 Mary Meadows Suite 345
Kaylaport, OR 61473",Y,miles
424,Linda Salinas,238-84-8113,"27962 Johnson Ville Suite 439
Laurenbury, LA 87991",N,hours
425,Olivia Davis,695-19-2776,"42188 Anthony Ferry
Jacobport, MH 17801",Y,hours
426,Jessica Wheeler,423-94-9428,"PSC 1222, Box 6532
APO AE 90280",Y,miles
427,James Anderson,466-66-8532,"23617 Julia Burgs
Hernandezfurt, PA 31595",N,hours
428,Amber Williams,599-50-2108,"797 Chapman Bypass
Juanshire, VA 77285",Y,miles
429,Cameron Bush,742-44-9826,"46144 Kelsey Parkway
Wesleyton, VI 67844",N,miles
430,Erica Edwards,368-78-5885,"978 Larry Stravenue
New Austin, OK 34935",N,miles
431,Courtney Roman,292-21-2960,"62928 Williams Way
West Norman, WA 41415",N,miles
432,Jennifer Lee,657-78-8892,"Unit 2277 Box 8628
DPO AE 69776",Y,hours
433,Sandra Hancock,122-13-0038,"8521 Butler Lane
Lake Trevorberg, NE 86992",N,hours
434,Margaret Williams,336-38-5738,"91481 Austin Parkway Apt. 593
Timothyton, WV 52896",N,miles
435,James Soto,510-81-8660,"3119 Ellis Fords Suite 557
Lake Ann, NM 29978",N,miles
436,Monique Wright,509-72-3794,"85060 Michael Unions Apt. 474
Port Gary, IA 20596",N,miles
437,Dustin Edwards,244-71-3617,"2222 Austin Circles
Milesport, FM 65781",N,miles
438,Jennifer Johnson,540-69-0513,"USCGC Smith
FPO AP 07913",Y,hours
439,William Simpson,448-90-2942,"85824 Brooks Club Suite 036
Lake John, AR 63697",Y,hours
440,David Davis,449-62-7923,"PSC 1965, Box 0602
APO AA 26762",N,miles
441,Frederick Johnson,717-95-3092,"783 Kimberly Cove Apt. 536
Lake Derek, NY 53070",Y,miles
442,Tony Matthews,264-47-0787,"550 Alexandria Well
Rachelton, AL 07284",N,miles
443,Gina Bray,677-56-8987,"543 Matthew Ville
Curtisborough, WV 55495",N,hours
444,Jay Weaver,558-54-8494,"039 Lisa Via
Cooleyside, MA 77214",Y,hours
445,Robin Cohen,131-51-5920,"PSC 1623, Box 6733
APO AP 59862",Y,miles
446,Katelyn Marshall,399-24-8629,"140 Matthew Union
North Andreamouth, MI 78369",Y,miles
447,Anthony Washington,819-67-2947,"7343 Douglas Summit Apt. 919
West Spencer, CO 89579",Y,hours
448,Terry Lee,455-05-6626,"Unit 4953 Box 1822
DPO AE 32189",N,miles
449,Susan Perry,469-30-5053,"96444 Charles Valleys
Aprilville, UT 49999",N,miles
450,Connor Newton,175-72-3018,"89755 James Fords
Jillside, MP 11373",N,miles
451,Andrea Trujillo,538-44-8052,"503 Brittany Roads
Williamsfort, FL 00828",Y,hours
452,Joseph Garner,888-87-2375,"2303 Kemp Unions
West Kristen, IA 05511",Y,miles
453,Larry Flores,199-39-1689,"94388 Cheryl Isle
Rogersburgh, ND 70789",N,hours
454,Eric Campbell DVM,414-35-4404,"5026 Rose Islands
Port Christopher, NM 45495",N,miles
455,Elizabeth Bowen,021-31-0003,"27559 Travis Light
Teresaland, NY 09460",N,miles
456,Jeffrey Gibson,493-41-0635,"9015 Kelly Mills Suite 963
New Scott, CT 41470",N,miles
457,Barbara Jackson,022-45-9071,"37315 Green Viaduct
North Troymouth, AS 45535",Y,miles
458,Ryan Logan,202-36-4052,"035 Anne Road
Oliverton, HI 72201",Y,hours
459,Juan Strong,502-28-4797,"Unit 6137 Box 6533
DPO AA 88178",Y,miles
460,Gary Bennett,167-46-8061,"97862 Kelly Stream Suite 210
New Laura, ME 74830",N,miles
461,Julia Collins,480-56-7903,"USS Aguilar
FPO AE 04467",N,miles
462,Joseph Hill,147-23-8773,"6799 Bryan Extensions Apt. 453
Diamondburgh, AL 14075",Y,hours
463,Steven Mason,722-28-1579,"Unit 8055 Box 3136
DPO AE 27433",Y,miles
464,Paul Stevens,371-52-3256,"USCGC Kemp
FPO AP 90249",N,miles
465,Susan Montes,385-32-4890,"USNS Boyd
FPO AP 77086",N,miles
466,Stephanie Curry,523-67-4391,"7600 Harmon Divide
Robinsonside, KS 55777",Y,hours
467,Jose Gonzalez,883-55-6080,"21564 Charles Corners Apt. 029
Evelynland, DC 61765",Y,hours
468,Patricia Lee,294-53-2788,"3530 Justin Forks Apt. 911
West Aimee, GA 48998",N,miles
469,Christopher Smith II,173-82-7336,"78259 Garrett Meadows
West Adamhaven, IA 65129",N,hours
470,Rodney Martinez,008-93-6107,"6139 Hester Forest Apt. 657
Danielville, VT 21111",Y,hours
471,Gerald Wheeler,899-44-7106,"358 Kathryn Tunnel
Justinchester, UT 77437",Y,miles
472,Roger Stanton,280-29-9428,"96263 Ferguson Mill Apt. 643
Olsenstad, NV 09560",Y,hours
473,Jordan Grant,516-42-3906,"1757 Kyle Mills Apt. 958
Thomasfurt, AK 30931",Y,miles
474,Connie Dean,112-83-9292,"4225 Taylor Tunnel Suite 258
Port Ashleyside, FM 11376",N,miles
475,Katelyn Martinez,846-48-2749,"854 Brian Hills Apt. 364
Lake Brendachester, PW 00780",N,miles
476,Michelle Burns,446-34-2549,"23602 Haynes Summit Suite 723
Youngborough, OK 89300",N,hours
477,Richard Rivera,119-06-8912,"USNV Thompson
FPO AE 69477",N,miles
478,Vicki Henderson,427-49-5988,"PSC 7478, Box 9239
APO AE 36460",N,hours
479,Lauren Lucas,688-01-2267,"09768 Parker Drive
New David, IA 73565",N,hours
480,Anthony Goodman,576-27-0657,"9353 Mary Ramp Apt. 915
Charlesmouth, WY 77597",N,miles
481,Tasha Kelly,143-66-6504,"2523 Briana Shore Suite 798
South Mary, NE 73609",Y,hours
482,James Ward,563-48-0601,"196 Michael Pike Apt. 054
Jacobsport, LA 69648",N,miles
483,David Wood,115-55-7625,"804 Figueroa Expressway
East Kathleenborough, MI 37830",N,miles
484,Jill Fernandez,702-72-2130,"270 Teresa Village
Vanessahaven, AS 13094",N,hours
485,Stephanie Franco,296-85-5084,"845 Conley Lodge Suite 203
Colonhaven, UT 90494",Y,miles
486,Wyatt Delgado,795-27-9868,"97391 Love Unions Suite 656
Johnsonville, MI 52476",Y,hours
487,Jared Thomas,326-74-8091,"104 Michael Glens
Riveraborough, MA 50768",N,hours
488,Mariah Sherman,276-45-0607,"159 Perez Motorway
Ryanhaven, MI 04380",Y,hours
489,Jason Bray,572-41-4247,"94205 Thomas Extension
North Seth, HI 30921",Y,hours
490,Sara Mcfarland PhD,737-98-3559,"437 Hall Shoal
New Jaychester, UT 07447",N,miles
491,Brian Olson,104-79-2157,"2381 James Circle Suite 850
Gregoryhaven, OH 34934",Y,miles
492,Andrea Brown,203-85-5065,"24137 Wheeler Loaf
Smithfurt, IA 05198",Y,hours
493,Diana Young,268-60-0985,"469 Anita Lock
Lake Matthew, MA 56119",Y,miles
494,Jerry Wang,048-96-1926,"108 Rodriguez Hills Suite 167
Kaitlynport, NE 70882",N,miles
495,Brent Reynolds,063-02-4015,"Unit 0409 Box 8570
DPO AA 33261",N,miles
496,Janice Turner,765-44-5767,"04253 Hall Mews Suite 495
Lake Anthonyborough, KY 07721",N,hours
497,Jennifer Casey,464-42-4964,"4369 Patrick Spring
South Ricardo, AK 83248",Y,miles
498,Lauren Wright,719-28-1247,"410 Tiffany Valley
Smithmouth, SC 21741",N,hours
499,Kristen Young,643-51-4091,"Unit 8629 Box 0179
DPO AA 79525",N,hours
500,Jennifer Miller,840-17-2198,"254 Miller Springs
New Patrick, RI 43851",N,miles
501,Austin Woods,050-51-9748,"6071 James Mills Apt. 706
North Kevin, MP 42276",Y,miles
502,Paul Jimenez,302-01-4116,"87308 Wilson Corner Suite 369
Lake Tiffany, NH 41769",Y,miles
503,Hannah Mckenzie,334-40-6268,"924 Haley Road
Shawnmouth, CO 24598",Y,hours
504,Joshua Clements,721-78-1149,"Unit 8331 Box 6775
DPO AP 31115",Y,miles
505,Megan Gutierrez,687-27-4623,"849 Craig Light
South Rachelville, AL 36819",Y,miles
506,Terry Thompson,367-38-8514,"397 Lee Lock Apt. 203
North Richard, WI 73703",Y,miles
507,Amber Briggs,494-03-3212,"11516 Le Port
Tateville, NM 42166",Y,hours
508,Shawn Wright,611-90-3742,"26620 Sherry Roads Suite 983
North Katherine, NH 03803",Y,hours
509,James Brewer,313-13-9747,"6550 Thomas Oval
Penabury, MA 60510",Y,miles
510,Steven Aguilar,454-87-7627,"51765 Le Trail Suite 663
New Danny, HI 79646",Y,hours
511,Tara Brown,611-97-0563,"98566 Osborn Island
New Joseph, FL 01887",Y,miles
512,Stephanie Ramirez,503-67-5118,"4304 Carter Plaza
East Paulbury, RI 35959",N,hours
513,Benjamin Massey,188-30-8688,"USNV Kaiser
FPO AE 76759",Y,miles
514,Gerald Stuart,759-43-9593,"94827 Miller Springs Suite 540
North Brandibury, FL 44399",N,hours
515,Robert Park,477-48-9578,"USS Davis
FPO AA 64085",N,miles
516,Patricia Gonzalez,132-51-4109,"45249 Kenneth Divide
Spencerburgh, MS 67431",Y,hours
517,Alex Gonzalez,754-16-4689,"5853 Gary Center
New Mark, MH 74896",N,hours
518,Dawn Fuller,294-90-5707,"PSC 5738, Box 5432
APO AE 88579",N,miles
519,Sandra Gibbs,674-04-9354,"8872 Tyler Underpass Suite 816
South Emilyfurt, MO 52416",Y,miles
520,Joel Williams,836-90-3199,"51736 Kathleen Estate Apt. 671
Martinezberg, FM 99936",N,hours
521,William Jones,807-40-6765,"74770 Randall Ramp
Cynthiaberg, MP 18190",N,hours
522,Allen Adams,366-60-7975,"17427 Kane Ferry
Monicaberg, AZ 06991",N,miles
523,Robert Shaffer,111-75-6422,"1614 Ballard Plains
Cisnerosburgh, MA 01117",N,miles
524,Andrew Cole,302-23-0329,"2454 Sharon Streets
North Theresahaven, PR 85328",N,miles
525,Kevin Williams,173-05-1090,"2483 Brian Way Suite 146
Jasonmouth, WA 36412",N,hours
526,Amy Burke,191-71-8538,"6252 Maldonado Forks
Adamsberg, TX 77546",Y,hours
527,Bradley Anderson,474-13-8278,"625 Thomas Trail Suite 318
Robertfurt, KS 62998",N,miles
528,Tyler Shelton,253-56-4132,"21970 Timothy Shores
Jamesville, UT 81419",Y,hours
529,Paul Sanders,428-76-5723,"78898 Berry Orchard Suite 999
Patrickshire, WY 73937",Y,miles
530,Katherine Garza,237-47-7493,"441 Jacob Road
Michelleburgh, KS 60795",N,hours
531,Brendan Moore,100-24-7192,"19344 Vincent Crossroad
Port Kim, AK 02138",N,miles
532,Matthew Patel,878-07-8165,"875 Gray Forge
South Elizabethville, WA 30303",Y,miles
533,Jessica Gibson,350-24-4624,"69485 Garrett Lodge
Garnermouth, VA 91369",N,hours
534,Brandon Cooper,446-50-5001,"PSC 7198, Box 9808
APO AA 87893",N,miles
535,Kristy Young,692-17-3897,"681 Graham Forks Apt. 580
Jaredborough, ME 54493",Y,miles
536,Joshua Owens,642-61-1923,"587 Kathleen Via Apt. 339
Averyland, AZ 61129",Y,miles
537,Sheri Morgan,347-61-7189,"363 Hicks Land
Port Jamiechester, MO 79409",Y,miles
538,Timothy Brandt,561-07-7808,"3818 Martin Village
Richardville, PW 10896",N,miles
539,Jaime Thompson,544-42-4479,"0150 Higgins Forks
Port Amychester, CA 78866",N,hours
540,Michael Gonzalez,030-59-7674,"0197 Debbie Route Apt. 815
East Rickey, ME 80032",N,miles
541,Matthew Bailey,282-66-2601,"34280 Juan Squares
Port Ryanmouth, NC 89659",Y,hours
542,Megan Williams,898-33-1531,"837 Nash Roads Suite 984
Royland, VA 17483",N,miles
543,Joshua Williams,417-03-7252,"561 Castro Park Apt. 345
Rachelton, OR 76162",Y,miles
544,Helen Davis,889-55-2974,"PSC 8385, Box 9727
APO AA 07820",N,hours
545,Roy Schneider,781-02-8173,"081 Isabel Pines
West Lawrence, ID 35246",N,hours
546,Jared Murphy,238-53-6085,"946 Drake Rue Apt. 715
Johnsonshire, OR 20932",N,miles
547,Jill Barry,530-92-3126,"835 Sherri Loop Suite 284
West Douglasside, IL 75521",N,miles
548,Steven Rivera,387-09-0854,"2504 Andre Squares
South Johnny, ID 94853",N,hours
549,Karen Lewis,200-96-8693,"426 Glenn Ranch
Port Christopher, AK 30187",N,hours
550,Charles Hess,772-92-1912,"660 Russell Landing Suite 323
Mercermouth, OR 63856",N,hours
551,Jenny Wright,261-08-1972,"4071 Short Islands Apt. 530
Seanville, ID 12396",Y,miles
552,Jennifer Carlson,614-97-0516,"677 Joy Green
Fisherburgh, PA 75362",N,hours
553,Brendan Morales,760-19-9607,"8210 Brown Lodge
Carolineborough, MP 62313",Y,miles
554,Chloe Steele,476-19-2153,"31395 Bauer Lane
West Christopherburgh, MI 80310",N,miles
555,Justin Thomas,102-22-4402,"8319 Ballard Groves Apt. 432
Robertsstad, MD 96808",N,miles
556,Veronica Mitchell,012-13-6128,"4142 Morris Valley
New Kimberlyfort, MT 73314",Y,hours
557,Daniel Ramirez,648-41-1981,"3002 Melissa Crescent Suite 299
Lake Julieton, DE 65064",Y,hours
558,Chad Paul,139-36-1831,"079 Hawkins Roads Apt. 278
East George, SC 78628",Y,miles
559,Christine Myers,394-04-0844,"195 Cooper Springs
Tammymouth, RI 80009",N,hours
560,Christopher Davidson,130-08-3700,"7701 Jonathan Brook
East Christopherborough, NY 44875",Y,hours
561,Patrick Morales,339-15-1292,"98048 Kelley Spring
Barkerberg, MA 44081",Y,hours
562,John Kramer,730-39-5247,"7685 Garcia Estates
New Erika, WA 25247",Y,hours
563,Haley Bray,228-93-3595,"17610 Tara Drives Suite 884
North Scott, SC 88033",Y,hours
564,Carrie Dunn,142-04-1682,"942 Hudson Fork Suite 768
New Faithshire, UT 25454",Y,miles
565,Stephen Peterson,181-71-3263,"9511 Carl Squares Apt. 993
Victoriabury, LA 83736",N,hours
566,Stephanie Moore,541-21-8097,"23712 Rebecca Summit
Adamville, PA 91146",Y,hours
567,Stacy Mathews,341-93-4046,"019 Erin Field Suite 275
Brianstad, MI 60565",Y,miles
568,Jeffery Brown,664-96-6315,"880 Molly Squares
Markport, DC 34291",N,miles
569,Ashley Trujillo,131-36-6009,"PSC 7267, Box 5962
APO AP 53056",N,miles
570,Lauren Davidson,883-78-6755,"9695 Marco Lake Suite 315
Sullivanberg, DE 16722",N,miles
571,Robert Parker,424-31-7046,"272 Burton Common Suite 129
Leehaven, LA 85156",Y,hours
572,Michael Carroll,074-88-6493,"79983 Matthew Tunnel
Ericstad, SD 56094",Y,hours
573,Nicole Carter,861-17-5395,"73940 Phillips Plaza Suite 164
Port Emily, GU 71521",N,hours
574,Shaun Roberts,897-17-4206,"45053 King Centers Apt. 731
Williamsfort, NC 68026",Y,hours
575,John Cohen,786-47-8446,"1463 Blake Plaza Apt. 558
Lake Marissamouth, ID 82392",N,miles
576,Samantha Griffith,543-26-2750,"6621 Chan Summit Suite 445
Aprilberg, DC 53756",N,miles
577,Dr. Jennifer Ramirez,327-66-1920,"072 Travis Stream
Carterstad, ND 04284",Y,hours
578,Roberto Klein,214-21-7734,"4712 Melanie Summit Suite 322
Millsshire, TN 81150",N,miles
579,Jonathan Henry,103-04-1948,"462 Oneill Isle Apt. 119
East Amberton, DE 28597",N,hours
580,Andrea Flowers,479-90-6347,"5554 Elizabeth Extensions Suite 511
Melissahaven, MP 38070",Y,miles
581,William Wilkinson,795-73-0778,"667 Sara Burgs Apt. 974
Lake Sandra, AK 86116",Y,hours
582,Amber Jenkins,665-10-8027,"715 Andrew Port Suite 548
New Kathleen, OK 28696",Y,hours
583,Dustin Morrow,775-46-4968,"6418 Smith Tunnel Suite 716
East Elizabethhaven, SC 57552",N,hours
584,Paula Klein,454-95-2914,"6304 Kent Lodge Apt. 928
Port Gina, WV 74583",N,hours
585,Joseph Morris,421-23-4130,"1311 Reed Parkways Apt. 759
East Zachary, WY 58874",N,hours
586,Linda Taylor,473-33-4239,"8946 Cheyenne Port
Port Justin, MD 91946",Y,miles
587,Craig Romero,394-68-0521,"02429 Leonard Neck
Crawfordbury, OK 89683",Y,hours
588,Bob Ramirez,502-33-8834,"53560 John Harbors
New Jeffreybury, DC 31659",Y,hours
589,Kyle Wells,216-60-8570,"42333 Michael Corners
Christensenshire, VA 65940",N,hours
590,Victoria Lee,111-67-6122,"9567 Hicks Hills Suite 453
Sandrastad, VI 26015",N,miles
591,Kenneth Smith,203-20-3852,"525 Linda Forest
East Josephburgh, HI 70461",Y,hours
592,Teresa Flores,435-55-3462,"32037 Wright Streets Suite 126
Hughesborough, PA 74221",Y,hours
593,Melissa Campbell,286-71-1861,"9758 Corey Row
Port Jeremychester, AK 71917",Y,miles
594,Jamie Taylor,291-15-7439,"USNV Mcdaniel
FPO AP 54390",N,miles
595,Terri Perry,609-24-1849,"02171 Emily Passage Apt. 408
Port Brandi, VA 64886",N,miles
596,Dennis Webster,853-33-1804,"061 Marshall Glens
Joborough, VT 40921",Y,hours
597,Paul Khan,217-87-5668,"275 Marquez Turnpike Suite 073
New Troyfort, NC 40534",N,hours
598,David Lozano,109-74-0582,"34574 Reyes Springs Apt. 915
Michaelbury, HI 57608",Y,miles
599,Jennifer Jackson,742-31-3606,"6804 Perez Walk
Gonzalezshire, MI 83425",Y,hours
600,Paige Gibson,745-66-7608,"45209 Jasmine Fort
South Donald, MI 32327",Y,hours
601,Scott Davis,350-31-9015,"843 Deanna Junctions Suite 462
Lake Kenneth, FM 79403",Y,hours
602,Jeffrey Moss,290-77-9115,"0532 Ryan Field Apt. 141
New Michael, OK 91332",Y,hours
603,Alexandra Simmons,879-97-4786,"986 Luis Drive Suite 976
East Adam, FL 97504",Y,hours
604,Jeffrey Perez,088-02-9089,"8412 Adams Path
Marshfort, IA 63731",N,miles
605,Nicholas Villa,490-18-4288,"92676 Traci Row
Richardmouth, UT 64528",N,miles
606,Shannon Galvan,252-09-6472,"124 Kevin Haven
Lake Susan, PW 00540",Y,hours
607,Ann Clarke,272-84-3140,"30258 Dennis Plains
Larsonhaven, GU 96244",N,miles
608,Belinda Simmons,871-52-0419,"54868 Karen Fork Suite 338
Chapmanport, WI 30009",Y,miles
609,Nancy Pitts,601-36-6938,"2335 Samuel Gardens
Port Kellyport, AK 72135",N,miles
610,Scott Vega,788-78-7378,"09576 Ayers Plain Apt. 995
Maldonadoview, KY 91359",Y,miles
611,Leon Walton,045-29-6578,"5274 Thompson Causeway
Williamsshire, LA 29993",Y,hours
612,Kim Lopez PhD,090-76-9786,"0429 Matthew Tunnel Apt. 963
Baxtershire, VA 73256",Y,hours
613,Catherine Chen,438-30-8164,"4237 Angela Roads
Richardburgh, NE 54634",Y,hours
614,Joanna Christensen,117-23-9530,"39377 Parker Forest Apt. 837
Acostachester, IA 89249",N,miles
615,Kristen Hanson,474-03-1220,"4638 Joe Road
East Mollyville, OH 69815",Y,miles
616,Michael Rodriguez,744-95-0538,"7048 William Square Apt. 176
Port Pamelastad, MA 15125",N,miles
617,Adrienne Carter,629-48-1352,"5581 Ramirez Crossing Suite 372
West Andrea, MA 25270",N,miles
618,Sandra Aguilar,068-18-4820,"1026 Fernandez Ford
Lake Amyhaven, PA 87845",Y,hours
619,Joseph Klein,019-43-7438,"7065 Joshua Union Suite 962
Rochaborough, ME 51412",N,hours
620,Deanna Stewart,016-91-2000,"9222 Thomas Avenue
East Cynthia, WI 82925",N,miles
621,Tyrone Mack,307-61-3253,"2460 Horton Gardens
New Jeffrey, TN 40596",N,hours
622,Angela Johnson,490-08-8936,"3809 Michael Mission
West Bailey, WI 73873",Y,miles
623,Claudia Thomas,128-19-7832,"61911 Jessica Brooks
Melaniechester, CT 49543",Y,hours
624,Ricky Duke,835-77-4428,"269 Angela Summit
Singhside, GA 72218",Y,hours
625,Noah Phillips,661-32-7380,"3733 Michael Groves Suite 109
Lake Alexander, WA 77312",Y,hours
626,John Carter,811-58-2084,"0305 Michael Fork
Wendyside, CA 39935",N,miles
627,Crystal Johnson,498-99-8875,"622 Miller Islands Suite 382
South Jeffchester, DC 05898",Y,miles
628,Chase Berger,484-47-7834,"3060 Timothy Camp Suite 950
New Richardhaven, WV 39218",Y,hours
629,Dr. Christopher White MD,515-43-9752,"58523 Jimenez Ports Suite 372
Jenningsville, UT 03812",Y,miles
630,Jessica Alexander,480-49-2231,"5430 Emily Groves Apt. 359
Melindafurt, OR 93490",Y,miles
631,David Myers,129-80-9383,"9110 Robertson Hill
South Charlesport, PR 75810",N,miles
632,Christie Cabrera,058-53-1151,"461 Brooks Unions
East Frank, MH 65577",N,hours
633,Steven Day,027-18-8457,"731 Mary Loop
Erinshire, MP 17258",Y,miles
634,Cameron Erickson,256-54-5610,"5230 Denise Course
Lake Davidberg, NY 96216",N,miles
635,Eric Powell,363-79-0674,"567 Thomas Oval Suite 740
Smithfurt, CA 23921",N,hours
636,Travis Houston,683-95-8076,"5955 Gloria Neck
South William, OR 98782",Y,hours
637,Theresa Chambers,587-77-1614,"4796 Allen Path
Wilkersonview, KY 52801",N,hours
638,Michele Burns,523-36-2759,"431 Keith Courts Apt. 901
Lake Jonathan, NJ 10443",N,hours
639,Samantha Medina,606-87-5322,"779 Donna Square Apt. 983
Morrisshire, MO 30941",N,hours
640,Justin Torres,393-54-0112,"16276 Morgan Drive
Collinsville, NV 15122",Y,hours
641,Christopher Vasquez,172-23-1064,"850 Keller Plain
Garciaview, WI 56209",Y,hours
642,Lisa Freeman,458-61-6890,"2491 Vaughn Hills
Kevinfurt, MO 26957",N,hours
643,Chad Harrison,460-51-4444,"8031 Henry Garden Apt. 802
West Michaelburgh, AL 06902",Y,miles
644,Jacqueline Bowman,034-18-4953,"9723 Jenna Cove Suite 026
Walshport, LA 26780",Y,hours
645,James Turner,041-29-2954,"0777 Wright Rapids Suite 634
Victorton, WI 43653",Y,miles
646,Anthony Garcia,414-09-1627,"5286 Taylor Lake
West Charlesbury, HI 28968",N,miles
647,Traci Anderson,287-42-5955,"4648 Smith Bypass Suite 924
North Thomasmouth, VI 20483",Y,hours
648,Jeffery Burke,517-08-9302,"68724 Michael Row
Jamesfurt, VT 97638",N,hours
649,Linda Nelson,699-60-9756,"66839 Jonathan Via
New Mary, LA 77712",N,hours
650,Tiffany Ponce,392-57-6103,"6316 Stacy Islands
Cliffordchester, CO 03718",N,miles
651,Jeffrey Anderson,446-41-2265,"5987 Michael Prairie Apt. 202
North Lindsey, VT 22463",Y,miles
652,Tina Carroll,833-60-9504,"USS Ford
FPO AA 46177",Y,hours
653,Olivia Parsons,453-02-4197,"7023 Jennifer Island
New Michaelside, FL 65909",Y,miles
654,Willie Anderson,074-78-3990,"513 Sabrina Dale Suite 760
West Kevinborough, MH 39940",Y,miles
655,Corey Perez,004-41-5723,"2397 Spencer Common Suite 081
East Lorraine, CA 26927",N,miles
656,Carrie Martin,210-69-5161,"87743 Cline Dam
Virginiaburgh, MI 60433",Y,hours
657,Sheila Massey,405-02-9032,"969 Williams Gateway Suite 448
North Jennifer, DC 78583",N,hours
658,Gregory Burnett,502-84-7712,"29061 Martinez Point Suite 430
Kingmouth, IN 47531",N,miles
659,Amanda Yoder,276-27-1374,"0518 Ann Harbors Apt. 305
Davidmouth, NH 94144",Y,hours
660,Susan Compton,057-19-6422,"3528 Hampton Camp
Thompsonside, WY 24997",N,hours
661,Mary Hanson,294-41-3436,"62711 Cooper Tunnel Suite 102
Port Ericafurt, WI 69184",Y,miles
662,Jack Torres,763-18-2672,"USNS Raymond
FPO AA 33396",Y,miles
663,Phyllis Williams,294-85-8509,"005 Phillips Parkway
Johnfurt, AL 53747",Y,miles
664,Nicholas Castillo DDS,380-02-2301,"43215 Jason River Suite 046
East Andrew, NC 45750",N,hours
665,Ralph Garcia,730-76-1599,"900 Beck Rue
South Edwardside, GU 58345",Y,miles
666,Phillip Porter,834-74-7039,"152 Heather Crest Suite 537
Ashleymouth, MO 32822",N,miles
667,Angel Santiago,486-43-1221,"27213 Lauren Knolls
East Raymond, PW 08846",N,hours
668,David Perkins,703-26-9357,"045 Schwartz Plains
Lucerobury, AL 51987",Y,hours
669,Kyle Lee,086-82-4991,"1525 Reed Burg Apt. 484
Ramirezside, TN 74494",Y,miles
670,Angela Oneill,597-36-9694,"1109 Tracy Trail Suite 181
Santosmouth, FL 93927",Y,hours
671,Robert Escobar,840-62-7315,"3490 Copeland Ford
North Stevenville, NC 82812",Y,hours
672,John Tate,696-37-5298,"108 Andrew Cliff Apt. 639
Kellybury, OK 05175",Y,hours
673,Gregory Davis,055-01-7995,"Unit 7849 Box 6327
DPO AP 44625",N,miles
674,Johnny Hernandez,755-49-3760,"7207 Avila Road
Velasquezmouth, MT 32186",Y,miles
675,Christopher Hunt,091-67-1323,"2939 Ronald Village
Brandonshire, WI 99095",N,hours
676,Andrew Jacobs,820-82-1039,"2629 Rodriguez Key Apt. 934
Cochranport, VI 49292",N,hours
677,David Thompson DDS,352-84-2720,"99443 Chang Passage
Christopherbury, IN 55266",Y,miles
678,William Perry,425-07-2148,"6816 Sparks Glens Apt. 316
Helenburgh, AK 30447",Y,miles
679,Tara Farmer,113-95-3618,"663 Michelle Point
Sandraport, VI 50176",Y,hours
680,Rachel Perez,086-06-4751,"34262 Mcdaniel Village Apt. 771
Danielmouth, CO 26593",Y,miles
681,Darren Solis,412-40-1947,"4866 Debra Spur
Lake Wanda, OK 44481",Y,hours
682,Randall Mendez,337-77-6803,"2398 Michael Courts
East Christopher, KS 71685",N,hours
683,James Odom,772-46-2550,"022 Smith Pine
Pearsonland, SD 39508",Y,hours
684,Erik Dunn,440-70-2813,"056 James Field Apt. 865
North Scott, MA 08976",Y,miles
685,Peter York,592-45-8714,"41786 Heather Estates Apt. 706
South Markberg, WA 74890",N,miles
686,Alex Hurley,020-60-5944,"84629 Maddox Ports Suite 149
Garciabury, WY 06804",Y,miles
687,Andrew Peterson MD,003-82-0616,"500 Chavez Vista Apt. 336
New Manuelview, WA 57514",Y,miles
688,Megan Jones,890-51-3065,"57825 Carlson Dale Suite 344
South Christine, TX 89915",Y,miles
689,Kathleen Carter,245-66-8095,"6605 Danny Forge
Rebeccastad, FL 11670",N,hours
690,Tiffany Guerra,435-85-2352,"24168 Owen Neck Suite 358
East Alanfort, IN 51651",Y,hours
691,Joshua Brandt,448-89-0247,"231 Stephen Knoll
Lake Christophertown, ME 80070",N,hours
692,Sandra Morris,343-31-9246,"428 Brooks Path
Port Gina, SC 56780",Y,miles
693,Jeremy Andersen,548-92-4475,"097 Kaylee Cape Apt. 130
Marshallchester, FL 30053",Y,hours
694,Robert Turner,888-32-9454,"41576 Hicks Drive
Barnesborough, DE 38899",Y,miles
695,Laura Jones,626-62-4007,"8843 Simmons Forks Suite 361
East Timothy, AL 20654",Y,miles
696,Jacqueline Gonzalez,508-53-6694,"53730 Emily Meadow
Phillipview, HI 50895",N,hours
697,Cynthia Moran,208-16-6794,"4053 Jones Spur
South Benjamin, GU 53570",N,miles
698,Mark Gonzalez,518-69-4825,"3287 Alexis Motorway Apt. 401
Sydneyborough, MO 64194",Y,hours
699,Janet Howard,414-73-5419,"49670 Roberts Mill Apt. 780
Jenningsmouth, VT 95524",Y,hours
700,Sarah Carter,104-10-2921,"67071 Gabriel Islands Suite 744
South Brianmouth, LA 84039",N,hours
701,Michael Shah,498-99-9882,"Unit 6408 Box 4117
DPO AA 09719",N,hours
702,April West,145-28-8285,"741 Ward Underpass Suite 166
North Lauren, IN 51875",N,miles
703,Michael Foster,767-85-2297,"USCGC Robles
FPO AE 97224",Y,hours
704,John Forbes,783-83-8795,"006 Campbell Street
Lake Bryanview, VA 18635",Y,miles
705,Christopher Sherman,537-20-9786,"785 Joseph Alley Suite 483
Montesburgh, IN 21314",N,hours
706,Todd Rodriguez,048-33-5277,"PSC 2233, Box 2452
APO AP 66307",Y,hours
707,Victoria Bryan,393-76-5573,"9042 Jones Well Suite 887
North Timothy, LA 46154",N,hours
708,Jasmine Payne,763-26-1673,"44574 Ross River Apt. 721
Port Amy, AR 41648",Y,miles
709,Kelly Dean,702-46-9522,"90408 Jackson Mall Apt. 316
Colinshire, NJ 90972",N,miles
710,Kimberly Bates,074-14-2799,"32752 Woods Centers Suite 741
Thomasview, ND 94352",N,miles
711,Sheila Mcintyre,182-93-6090,"2582 Ward Port
South Peterborough, MO 76449",N,hours
712,Mary Jackson,458-54-0234,"56527 Stephanie Stream
New Mia, MN 52194",Y,miles
713,Dustin Johnson,669-81-5684,"42114 Shaw Ports
New Heather, IL 04988",Y,miles
714,Phillip Baker,792-28-0700,"1546 Matthew Station
New Michael, MH 79929",Y,miles
715,Max Fletcher,897-56-4716,"PSC 3009, Box 8957
APO AP 95268",N,hours
716,Michelle Taylor,330-81-2868,"USNV Hernandez
FPO AP 51169",Y,miles
717,Christopher Hicks,496-22-7730,"832 William Fork Suite 018
Patriciaside, MN 24438",Y,hours
718,Joel Johnson,153-06-4451,"459 Peterson Extensions
Lake Christopher, WV 19750",N,miles
719,Debra Bates,384-60-4077,"USNV Larsen
FPO AE 60346",Y,hours
720,Susan Hendrix,155-60-2352,"12378 Glen Hill Apt. 488
North Dominicmouth, WA 12072",Y,miles
721,Laura Roach,427-98-8494,"50315 Jeffery Villages Apt. 186
Huffburgh, MP 60648",Y,hours
722,Belinda Hays,673-13-3549,"30299 Pittman Port
Nguyenstad, MH 90018",N,miles
723,Judith Thompson,314-53-6281,"957 Martin Union Apt. 210
West Heatherton, PW 11040",Y,hours
724,Jason Wilkinson,172-46-1195,"685 Matthew Highway Suite 737
New Markland, MH 81068",Y,miles
725,Cynthia Rivers,480-63-2280,"418 Young Drive
Middletonland, OH 78840",N,miles
726,Laura Cobb,879-45-1804,"394 Watkins Fort Suite 318
East Elizabethland, KY 99267",N,hours
727,Jason Burch,619-82-2702,"2212 Keith Mountains Suite 693
Ryanshire, FM 94953",N,hours
728,Taylor Proctor,286-63-1298,"595 Sarah Branch
Sandrabury, IN 16282",Y,miles
729,Ashley Bishop,515-30-7695,"PSC 4229, Box 4721
APO AE 20186",N,miles
730,Adrian Wolfe,258-85-6147,"04190 Bates Bridge Suite 328
South Ricky, SC 67452",Y,hours
731,Patrick Anderson,566-24-4538,"70534 Bates Lodge Suite 259
North Anthony, KS 87072",Y,miles
732,Eric Frank,128-09-0472,"7029 Murray Track Suite 997
Kennedyport, MO 48072",Y,hours
733,Terry Welch,475-05-2292,"1637 Sandra Trafficway
Danielton, MT 35449",N,miles
734,Kathy Jenkins,130-82-0579,"5795 James Summit Suite 771
Stephensland, MI 11893",N,hours
735,Jordan Garcia Jr.,591-64-9663,"2729 Brown Plains
Michaelton, SC 59078",N,hours
736,Nicholas Barnes PhD,616-35-9052,"97253 Brown Fall Apt. 806
Donnaview, MI 37959",N,miles
737,Desiree Shepherd,207-30-7708,"199 Ayala Greens Apt. 925
South Jacqueline, ND 21650",Y,hours
738,Mr. Christopher Hoffman,671-60-3940,"8501 Mcbride Camp Suite 715
Spencermouth, WI 90232",N,miles
739,Brandon Johnson,133-75-9264,"712 Rios Harbor
Robertside, NH 24086",Y,hours
740,Kimberly Dorsey,538-09-6365,"99061 Nancy Mountain Suite 726
Timothyhaven, WI 78940",Y,miles
741,Mrs. Tracy Trevino,501-68-0449,"610 Cynthia Rapids
Robertville, VA 22895",Y,miles
742,Lindsey Butler,381-74-0470,"87725 Christine Course Apt. 584
Hendersonland, ME 74140",N,miles
743,Mary Walters,596-71-3529,"91856 Smith Heights
South Charles, OR 13480",Y,miles
744,Malik Smith,311-67-9584,"50058 Jerry Rest
South Amandafort, IN 87458",N,hours
745,Charles Wells,481-15-5691,"15320 Brian Stream
Davidmouth, NY 85195",N,miles
746,Anna Barnett MD,560-93-1822,"97927 Richard Keys Suite 143
South Patrick, AZ 70812",N,hours
747,Sabrina Gross,824-11-0880,"PSC 7598, Box 2606
APO AA 92039",Y,hours
748,Christine Williams,078-70-1759,"219 Alyssa Manors
Adamston, ID 89067",N,miles
749,Randall Kim,621-45-3893,"548 Ferguson Route
Johnmouth, VI 64387",Y,hours
750,Brian Ford,609-65-7639,"1097 Kemp Track Suite 653
New Brittany, MH 83573",N,miles
751,Angel Hale,550-54-7416,"6279 Palmer Flats Apt. 931
Lewisfurt, WA 02876",Y,hours
752,William Higgins,526-82-4381,"41713 Alex Drive
Martinbury, CA 44414",N,miles
753,David Moore,491-30-2258,"794 Rachel Lake
Gardnerhaven, AR 01285",Y,miles
754,Kristin Hicks,150-48-7120,"69050 Martin View Apt. 632
New Brian, AZ 18236",Y,hours
755,Tommy Avila,145-27-5432,"71987 Danny Cape
South Nancyberg, NC 81401",Y,miles
756,Eric Browning,096-36-7977,"5964 Carter Radial Suite 558
Port Robin, DC 67482",N,miles
757,Joshua Martin,555-02-7724,"725 Ramirez Forge
Morganhaven, GA 51475",Y,hours
758,Ryan Chavez,783-66-9462,"9290 Davis Centers Apt. 590
North Josephshire, RI 29992",N,hours
759,Philip Shea,464-02-0416,"059 Lucas Plains Suite 879
West Kevinburgh, MD 91950",Y,hours
760,Joshua Spears,490-78-9368,"645 Wright Cliffs Suite 957
Williamview, WA 22932",N,hours
761,Sheri Webster,186-49-9120,"9452 Danielle Meadow Apt. 038
Anthonyburgh, KY 92589",N,miles
762,Jose Saunders,171-68-9148,"04343 Fisher Mill
Patricktown, MN 35563",N,hours
763,Jerry Gonzalez,297-77-6520,"731 Mann Centers Apt. 829
Dustinstad, MD 62921",N,miles
764,Allen Mays,427-99-1571,"Unit 9455 Box 3722
DPO AP 86875",N,hours
765,Stephen Martinez,602-84-5631,"00153 Martinez Crossroad
Lake Tammy, WY 90073",Y,miles
766,Olivia Lopez,138-72-7554,"3165 Hudson Center
Robertsberg, NH 14510",Y,miles
767,Justin Buck,060-51-7195,"1999 Butler Loop
Stephaniebury, VT 26117",Y,hours
768,Marie Burke,141-56-6679,"99824 Joel Port
Lake Paige, NY 69963",Y,hours
769,Melinda Anthony,486-58-3530,"92164 Bowman Hill Apt. 698
Jenniferville, RI 75739",N,miles
770,Ryan Bowers,709-01-1818,"27927 Hall Crossing
Smithfurt, MO 69290",N,miles
771,Henry Caldwell,523-26-5257,"381 Jones Fork
North Rachelland, MP 87643",Y,miles
772,John Johnson,479-07-8699,"4939 Jason Point
South Ashleyland, VA 01407",N,hours
773,Juan Kim,786-64-1054,"8583 Amy Extension Suite 959
East Ryanland, OR 92000",N,hours
774,Sean Griffin,432-68-7463,"40560 Paula Burg
New Alison, OH 18612",N,hours
775,Eric Thompson,892-13-0764,"830 Foster Mountains Suite 585
New Markville, GA 95655",N,miles
776,Ashley Schwartz MD,701-81-0357,"USNS Hardy
FPO AA 54915",N,hours
777,Sara Sutton,242-20-6512,"056 Garcia Harbor Apt. 396
South Shaneville, LA 21928",N,hours
778,Timothy Gomez,311-25-1188,"9444 Nathan Dam Suite 058
Michaelside, PA 03366",Y,miles
779,Daniel Lopez,264-71-1774,"14789 Sims Bypass Suite 800
East Deborah, TX 71198",Y,miles
780,Gregg Rivera,218-75-0073,"15459 Rangel Isle
Montoyaview, HI 50365",N,hours
781,Bryan Taylor,706-61-2244,"781 Gutierrez Lodge
Stevenmouth, AS 90937",Y,miles
782,Katherine Schneider,746-58-5273,"6678 Thompson Station
North Scott, AS 68013",Y,hours
783,Gabriel Dennis,439-75-4111,"6706 Carey Canyon
Kimberlyview, WY 72419",Y,miles
784,Sean Obrien,449-98-6419,"4210 Pittman Branch
North Austin, IA 50323",N,miles
785,Nicole Lynch,742-30-7080,"788 Lewis Lights
Martinburgh, NY 35529",N,miles
786,Kayla Allen,254-38-3949,"52983 Alexa Cliff Suite 688
New Kimberly, IN 45453",N,hours
787,Vanessa Williams,043-36-7319,"560 Jennifer Oval Suite 668
South Rachel, AZ 06618",Y,miles
788,Carrie Bowen,787-50-9039,"PSC 6854, Box 9273
APO AE 52800",N,hours
789,Misty Mcdonald,113-09-3392,"18121 Hall Falls
North Tracy, AZ 70078",Y,miles
790,Roger Hayes,591-82-5904,"61583 Scott Island
West Pedrobury, ME 36721",N,miles
791,Allison Jackson,862-71-7724,"850 Marquez Summit
East Michaelchester, MH 59756",N,miles
792,Jeffrey Boyer,200-11-3436,"3109 Martin Manors
Lopezport, LA 99261",N,hours
793,Gregory Delgado,003-78-3169,"0656 Willis Park Suite 250
Ericton, AR 63408",Y,hours
794,Michael Hunt,357-07-0659,"0265 Wilson Freeway
South Theodore, NE 55576",Y,miles
795,Michelle Butler,056-90-2831,"65146 Mendez Drive
Wheelerside, NM 17156",Y,hours
796,Christine Montgomery,134-32-9950,"PSC 7305, Box 7740
APO AA 64535",Y,hours
797,Laura Small,344-58-0102,"34517 Perry Island
Port Matthewport, KY 97517",Y,hours
798,Kristen Watson,344-10-1804,"50385 Banks Cove Suite 998
South Christopherfort, WV 01565",Y,hours
799,Tiffany Hickman,611-53-2841,"PSC 5683, Box 8404
APO AA 22896",N,hours
800,George Brown,263-78-8512,"Unit 4176 Box 2895
DPO AP 93829",N,miles
801,Jeremy Maldonado,884-74-8088,"458 Anthony Freeway
East Tyler, HI 11469",N,miles
802,Mark Butler,076-81-0516,"897 Campbell Throughway
West Brandon, IL 30107",N,hours
803,Stephanie Pope,687-26-6042,"30481 Michelle Center Suite 209
Joyview, VA 56620",N,miles
804,Tricia Harris,168-92-6682,"729 Williams Stravenue
Jonesmouth, OH 64932",Y,miles
805,Mark Parks,224-75-2792,"Unit 6830 Box 8109
DPO AA 85459",Y,miles
806,David Pruitt,872-18-8598,"179 Coleman Village Suite 672
North Janiceside, IA 06289",N,miles
807,Chelsea Wolf,230-82-1410,"279 Michael Knoll Apt. 005
Leonardberg, MA 18564",Y,miles
808,Richard Walls,533-29-7816,"05139 Robert Key Apt. 606
West Katherinechester, FM 18013",N,miles
809,Courtney Perry,673-88-6350,"41516 Reed Forge Suite 547
South Stacy, SD 44515",Y,hours
810,Joshua Fowler,096-42-4182,"826 Chapman Ville Apt. 866
Michaelhaven, DC 83244",N,hours
811,Eugene Doyle,327-37-4117,"8821 Jessica Crossing
Port David, CO 01149",N,hours
812,Andrew Wiggins,713-46-2724,"35097 Cantu Union Apt. 765
Samanthaburgh, WI 70357",Y,miles
813,Tracy Marquez,572-32-0984,"684 Hendricks Point Suite 352
Danielfurt, AZ 34099",Y,miles
814,Joseph Larson,333-29-7735,"4159 Carter Overpass Suite 921
East Leahmouth, MO 14992",Y,hours
815,Gregory Holloway,001-69-0047,"Unit 5769 Box 8087
DPO AP 76240",N,hours
816,Mary Ochoa,583-89-7592,"PSC 5141, Box 3706
APO AA 25674",N,hours
817,Alexis Wells,205-69-7545,"830 Kelsey Mission Apt. 667
East Steven, WA 87637",Y,miles
818,Peter Coleman,293-68-3655,"61088 Palmer Brook
Smallside, PA 47949",Y,hours
819,Logan Nichols,874-13-4406,"39566 Roy Place Apt. 105
Welchport, MH 67588",N,miles
820,Jonathan Norris,877-99-4818,"8952 Janice Course
Samanthatown, TX 16841",N,miles
821,James Dixon,097-53-4700,"94799 Taylor Crossing Suite 814
Christinebury, GA 11033",Y,hours
822,Brett Knox,035-70-3577,"6632 Tran Row Suite 876
Lake Amberstad, LA 69731",Y,miles
823,Joseph Velazquez,689-21-8900,"2996 Paul Lake Apt. 505
Lake Johnland, TX 40778",Y,miles
824,Anthony Barrett,046-50-3367,"16242 Rojas Overpass
Kellystad, NM 23529",Y,hours
825,Chad Scott,332-94-8334,"8992 Martinez Ridge
Reynoldshaven, ND 24407",N,hours
826,Sydney Bates,070-85-9102,"70884 Roger Tunnel
Port Marissatown, VI 01377",N,hours
827,Sara Diaz,453-44-9478,"45206 Whitney Field
Port Richard, SC 52038",N,miles
828,Billy Morgan,341-35-1154,"59914 Holly Oval
Port Donton, SC 81305",Y,hours
829,Bill Solis,350-61-6033,"936 Vazquez Harbor Apt. 834
Jordanfurt, ND 60244",N,miles
830,Lisa Bradford,700-76-5956,"2197 Jenkins Well
Williammouth, MD 96937",N,miles
831,Samantha Stokes,188-85-8111,"0657 Burnett Island Suite 441
New Jerry, NE 50008",N,miles
832,Catherine Zuniga,382-19-7831,"5438 Monica Common
Port Brendamouth, PA 21646",Y,miles
833,Christopher Mcdonald,870-15-6206,"95887 Booth Estates Apt. 075
South Michael, FL 63986",N,hours
834,Sabrina Beck,756-42-8508,"296 Shelton Viaduct Suite 526
East Timothybury, HI 93210",Y,miles
835,Brian Bray,648-41-7062,"PSC 6914, Box 8712
APO AA 51178",N,hours
836,Alec Sanders,491-55-7574,"835 Anthony Circle Apt. 428
Lake Stevenmouth, AR 43974",Y,hours
837,Brett Barnett,117-48-9692,"4482 Erica Port Apt. 394
East Lesliebury, OK 27888",N,miles
838,Bryan Cabrera,652-58-4801,"98023 Yolanda Garden Suite 394
Port Dylanmouth, ID 25199",N,miles
839,Gary Thomas,527-71-6902,"246 Hayley Parks
West Micheletown, NC 45126",Y,miles
840,Sandra Jenkins,017-55-6084,"3420 Martin Harbor
Whiteton, NJ 42151",N,hours
841,Jeremy Long,650-62-7215,"8723 Harris Passage
Port Sheila, MP 14736",Y,hours
842,Erik Salinas,088-77-4435,"269 Mcclain Pines
New Lindafort, TN 15410",N,miles
843,Stephen Ryan,894-61-9892,"079 Rogers Estate Apt. 574
New Jon, SD 65793",N,miles
844,Daniel Lawson,671-43-9407,"56356 Meyer Lakes Suite 477
Katherineside, FM 04078",N,miles
845,Mr. James Melton MD,007-53-9782,"4798 Higgins Plaza
Carriemouth, GU 57431",N,hours
846,Kimberly Patel,647-18-6783,"6478 Berry Forest Suite 461
Lindseyburgh, NC 68187",Y,hours
847,Jonathan Walsh,199-88-4826,"231 Stanley Rue Suite 316
West Vanessaview, RI 97285",Y,hours
848,Veronica Moran,482-66-4568,"6272 Nolan Key
Brendanport, MS 15080",Y,hours
849,Ms. Renee Woodward,153-17-1442,"5470 Thomas Plains
Harriston, ND 95856",N,hours
850,Nathan Long,755-08-0428,"4323 Coleman Rue
Lake Jeremy, VI 53209",Y,miles
851,Taylor Johnson,483-41-0303,"658 Christopher Isle
Port Kelli, MN 38789",N,miles
852,Katie Heath,509-67-9087,"14589 Martinez Roads Suite 173
New Connie, ID 37266",Y,hours
853,David Durham,703-94-6704,"2307 Craig Harbors Suite 417
South Grant, MP 37356",N,miles
854,Matthew Stephenson,580-70-0383,"5506 Jonathan Stream
Katrinaview, FL 01230",Y,hours
855,Matthew Moore,798-57-6546,"761 Dennis Fort
Jackieshire, NJ 17802",Y,hours
856,Jodi Preston,854-50-6525,"963 Sanchez Center Suite 168
East Ryanmouth, UT 47953",N,hours
857,Matthew Cox,085-06-6411,"69849 Monica Field Suite 488
West Johnny, SC 39464",N,hours
858,Crystal Aguirre,592-29-8668,"PSC 1952, Box 1517
APO AA 93719",N,hours
859,Evelyn Robinson,737-01-9071,"6102 Stephen Passage Apt. 550
South Wendyshire, IL 53219",N,hours
860,Marc Cole,416-13-9353,"26654 Robert Hill Suite 913
Schmidtside, VI 63246",N,miles
861,Anna Pitts,898-91-8920,"5632 Giles Courts Suite 150
Mitchellburgh, MP 60609",Y,miles
862,Ian Hawkins,140-70-7453,"877 Valencia Track Suite 351
Shawburgh, IN 95063",Y,hours
863,Jennifer Malone,683-89-1182,"3838 Sheila Mount Suite 871
Ginaside, NE 82491",N,miles
864,Jennifer Hanson,881-78-3851,"5370 Ponce Mill Apt. 903
Hunterfort, MI 75774",N,miles
865,Barbara Jordan,719-45-1974,"65193 Blake Overpass Suite 768
North Paulview, OR 95730",N,hours
866,Crystal Gomez,566-20-7099,"7263 Prince Dale
Stevenland, WY 80657",N,miles
867,Mark Morris,038-40-8739,"547 Miller Lakes
North Shanetown, MI 46684",N,hours
868,Lisa Johnson,823-72-6243,"USS Young
FPO AP 78611",Y,hours
869,Emma Keller,353-37-6480,"7623 Jason Motorway Apt. 096
Deanbury, VT 40046",Y,miles
870,Christopher Diaz,887-79-6898,"5697 John Spring Suite 533
West Jamesberg, AL 20693",Y,hours
871,Rachel Kennedy,799-83-4740,"PSC 3547, Box 5841
APO AE 24044",N,hours
872,Keith Zimmerman,703-31-2867,"5625 Mcknight Trace Apt. 268
New Amanda, OK 45508",Y,hours
873,Karen Caldwell,794-56-5370,"4790 Morris Land Suite 578
North Davidton, MD 22864",N,miles
874,Elizabeth Miller,647-44-8080,"035 Huynh Manor Suite 253
New Helen, SD 90418",Y,miles
875,Eduardo Rogers,814-47-6564,"04390 Andrew Knoll
Wilsonshire, AK 48755",Y,hours
876,Jeffrey Bray,814-86-4479,"387 Jacob Ford
Gilesberg, AZ 19781",N,miles
877,Elizabeth Smith,518-94-8231,"6018 Christopher Estate Apt. 562
Barrtown, MS 52621",N,hours
878,Vanessa Curtis,034-02-8325,"160 Brenda Lakes
Patrickhaven, NH 92923",N,miles
879,Marie Yang,422-18-2384,"99021 Stacey Fork Suite 572
Williamsonfort, GU 12364",Y,miles
880,David Becker,824-60-5059,"27366 Rice Trace
Dorothyland, NH 28300",Y,miles
881,Amber Mccarty,394-08-4969,"40066 Lee Brooks
Jamesside, AR 41651",N,miles
882,Natalie Price,442-16-7863,"4105 Patrick Mall Suite 889
Longstad, VA 49975",N,miles
883,Laurie Diaz,086-15-1743,"01625 Erica Wall
Danielville, IL 18393",N,hours
884,Maria Allen,854-58-4134,"45635 Mason Ville Suite 064
Burtonbury, AK 64088",N,hours
885,Thomas Garrett,193-12-2827,"6551 Flores Pine
Port Ethanfort, IA 42116",N,miles
886,Kim Roman,737-81-6024,"63089 Ferguson Glens Suite 930
Hickmanton, SC 49196",N,miles
887,William Smith,864-14-4358,"3814 Greer Grove Suite 555
East Susanshire, SC 31037",Y,miles
888,Jacob Young,498-29-9821,"76653 Noble Shoals
Higginston, WV 88176",N,hours
889,Kimberly Howard,063-59-3429,"838 Collier Crest
Brownland, MH 88776",Y,miles
890,Dr. Joshua Vazquez,020-32-4319,"046 Cynthia Groves Apt. 950
North James, KS 93242",N,miles
891,William Johnson,890-54-1408,"53272 Merritt Road
Contrerasport, WA 92882",N,hours
892,Tiffany Case,750-13-9977,"87987 Brandt Island Suite 869
Davidstad, NH 83513",Y,miles
893,Manuel Alexander,784-06-1563,"32624 Michael Mall
West Elizabethshire, DC 68201",N,miles
894,Michele Sanders,402-15-4065,"5580 Nguyen Brook Suite 034
South Vanessafurt, MS 83835",Y,miles
895,Anita Jefferson,248-40-5845,"141 Jessica Way
North Jeffrey, IN 59218",Y,miles
896,Jared Hayden,515-51-3215,"656 Matthew Brook
Johnborough, MO 23108",Y,miles
897,Sheri Johnson,335-56-2262,"0015 Emily Mission Apt. 709
Russellton, AR 60769",Y,miles
898,Rebekah Montgomery,866-24-2820,"6792 Henderson Roads
West Catherineberg, WA 46758",N,hours
899,Stephanie Lawson,256-38-9196,"369 Sheila Mountain
New Joyce, HI 53093",Y,hours
900,Mariah Moore,692-22-6715,"364 Maria Fall Apt. 860
Sanchezside, AR 12169",Y,hours
901,Erik Clark,127-39-3122,"Unit 0400 Box 5677
DPO AE 60839",N,hours
902,Mark Sanchez,180-08-3075,"423 Johnson Path
Lydiastad, MN 28122",Y,hours
903,John Gonzales,501-09-1004,"627 Walker Lakes Apt. 275
Jamestown, VT 74094",N,miles
904,Anthony White,597-56-4431,"Unit 0099 Box 9760
DPO AA 56102",N,miles
905,Jose Kim,507-60-3327,"18976 Danielle Extension Apt. 131
Kylemouth, VT 21823",N,hours
906,Roy Mays,598-79-8399,"79942 Kimberly Harbor
Stewartmouth, AL 34302",Y,miles
907,Michael Rodriguez,827-97-8953,"64879 Holmes Fall Apt. 075
North Shawnland, UT 17154",Y,hours
908,Barbara Wilson,658-28-1163,"6348 Gonzalez Groves Suite 820
East Thomasberg, CT 90649",Y,miles
909,Karen Rosario,147-03-2585,"Unit 2156 Box 6432
DPO AA 45624",Y,hours
910,Theodore Hart,719-20-2646,"66429 Davenport Camp Suite 764
South Theresachester, CT 23116",Y,miles
911,Rachel Lee,552-05-5300,"4895 Joshua Causeway
Freemanberg, VA 60229",Y,miles
912,Yvonne Nelson,321-89-7544,"133 Proctor Island
West Christinebury, CO 73440",Y,hours
913,Mrs. Jill Rose,278-99-9771,"38762 Andrew Field
Port Paulborough, SC 62282",Y,hours
914,Jason Bailey,683-47-5250,"00976 Green Loop
Danieltown, AS 65178",N,miles
915,Jeffrey Klein,149-74-7239,"087 Mary Mountain Apt. 978
Lorimouth, AR 81103",N,hours
916,Angela Patel,384-65-1433,"37295 Jacob Mission Suite 019
Lake Cynthiastad, PR 48335",Y,hours
917,Dr. Mary White,046-82-2206,"6556 Rhonda Hills Suite 831
West Jeffrey, AL 61506",N,miles
918,Paul Smith,543-55-9775,"53033 Paul Mills
Charlestown, OH 94500",N,miles
919,William Keller,864-60-9051,"38815 Terri Well Suite 223
Scottfort, WI 72913",Y,miles
920,Erin Padilla,230-61-0271,"644 Dalton Manors Suite 220
Richardsburgh, RI 80610",N,hours
921,Mrs. Rachel Stafford,022-39-9961,"6682 Emily Walks Suite 872
Rosarioport, ND 75105",Y,hours
922,David Tucker,647-50-0995,"40311 Hannah Forges Apt. 493
Lake Monica, OH 71956",Y,hours
923,Lori Hall,080-58-0210,"USNV Krause
FPO AA 56526",N,hours
924,Nancy Eaton,499-20-9179,"760 Watson Bypass
Lake Phillip, OK 20560",N,hours
925,Kayla Hunt,874-09-0355,"92315 Debra Square Suite 430
Thomasstad, FM 94164",Y,hours
926,Nancy Dickerson,886-31-3534,"3686 Hendricks Ville Suite 994
Smithville, UT 89897",N,hours
927,Nancy Soto,004-73-0992,"32528 Richardson Station
North Juliefurt, MT 76243",N,miles
928,Daniel Anderson,812-18-9240,"946 Hector Glen
North Haleyview, KS 86270",Y,hours
929,Amanda Haynes,738-71-8031,"15436 Smith Oval Suite 536
South Karen, NY 19703",N,miles
930,Madison Cline,671-16-4534,"416 Patrick Spring
North Sierra, FM 53471",N,hours
931,Katie Woodard,630-08-0922,"9046 Anderson Centers
West Jesus, NM 36076",Y,miles
932,Gary Henson,521-96-1357,"879 Walton Brook
New Christopher, CO 90379",Y,miles
933,Melanie Gray,239-75-4974,"461 Linda Wall Suite 956
Johnsonberg, CA 36358",N,miles
934,Charles Schroeder,047-03-5711,"04294 Brian Meadows
Ashleyfort, ND 70159",N,hours
935,Susan Delgado,813-96-7792,"33626 Matthew Way
East Michael, NC 04807",Y,hours
936,Kristy Ferguson,221-03-9496,"6288 Daugherty Summit
Shelleyborough, KS 35588",Y,hours
937,Patrick Fernandez,477-02-2278,"59424 Mariah Square
Tracyfort, TN 12837",Y,miles
938,Kenneth Wright,368-44-6853,"7027 Soto Lights Apt. 470
Brooksmouth, NV 91092",Y,miles
939,Carlos Holder,277-21-2904,"USNV Lee
FPO AA 70763",Y,hours
940,Joshua Cook,373-72-3545,"7898 Steven Lodge Suite 796
Reyesmouth, MT 61564",N,hours
941,Adrian Ramos,391-68-2923,"5588 Lisa Greens
New Christopher, PA 09486",Y,hours
942,Madison Price,580-06-3254,"01305 Jessica Branch
Warrenville, FM 46031",N,hours
943,Michelle Walker,029-47-1184,"94829 Ford Ferry
Port Ray, NC 07882",N,miles
944,Sarah Cook,020-73-5971,"2456 Brown Mountains
South James, ME 90816",Y,hours
945,Caroline Calderon,485-01-2133,"328 Sarah Ville Apt. 354
Bradshawbury, NC 73193",N,hours
946,Patricia Rose,372-09-5540,"8130 Jason Plaza
North Alyssaside, PA 56193",N,miles
947,Cheryl Gallagher,062-70-5607,"19649 Crystal Mission Apt. 106
West Kathryn, VT 38397",N,hours
948,Mike Allen,716-35-4295,"27882 Christopher Canyon Apt. 617
Robertomouth, ME 45813",N,miles
949,James Wagner,251-47-7031,"14937 Karen Orchard
Brianville, TN 73455",Y,miles
950,Brittany Morton,055-18-1564,"9565 Ronald Course
Ericbury, VI 66372",N,hours
951,Robert Blanchard,662-75-7555,"7045 Sharp Bypass Apt. 932
East Sarahland, SC 55621",N,hours
952,Eddie Tyler,372-67-7395,"75164 Paul Walk Apt. 644
New Davidton, LA 05380",Y,miles
953,Robert Nguyen,721-76-3103,"5816 Paul Green
Andersonhaven, PW 99157",N,miles
954,Mason Campbell,875-12-3511,"889 Kenneth Meadow Apt. 679
Port Kiaraville, IN 70126",N,hours
955,Mary Oliver,117-59-4860,"65427 Jeffrey Avenue Apt. 886
Amandaton, TN 22200",Y,miles
956,Erika Hobbs,633-61-7097,"03811 Russell Tunnel
Williamfurt, PW 58060",N,hours
957,Donna Parker,052-31-7407,"8133 Gregory Shoals
Reedshire, CO 01625",Y,miles
958,Raymond Martinez,300-25-1361,"295 Patrick Turnpike
Ericksonmouth, SC 23292",Y,miles
959,John Ferrell,741-76-1629,"061 Baker Walks
North Danny, WY 60245",Y,hours
960,Jonathon Payne,637-08-2376,"4120 Castillo Squares Apt. 453
Hudsonmouth, NY 50961",Y,hours
961,Christopher Martin,105-13-4009,"810 John Haven Suite 507
Rogermouth, AS 04821",N,hours
962,Chad Miller,749-77-0253,"59823 Scott Squares
Lake Brittanyland, MI 04342",N,miles
963,Mary Cole,641-14-9108,"296 Sharon Courts
Port Susanmouth, CA 74822",Y,miles
964,Brandon Turner,244-07-0036,"USNV Williams
FPO AA 29406",Y,hours
965,Christina Moreno,047-76-8231,"6372 Leah Ridges Apt. 441
West Ryan, WA 31716",Y,miles
966,Micheal Cook,145-71-3998,"493 Richard Causeway Apt. 739
Port Cheryl, MN 28851",Y,miles
967,Todd Harris,346-23-0900,"664 Neal Stravenue
North Ruth, CT 13817",Y,miles
968,Jacqueline Leach,433-04-8423,"7529 Savage Summit Suite 741
Stephaniechester, MH 67882",N,miles
969,Tyler Smith,395-84-9757,"5576 Matthew Club
East Nicholas, HI 83397",N,miles
970,Mark Rosales,732-58-5140,"763 Barbara Harbor Suite 259
Port Catherineshire, NE 08564",N,miles
971,Teresa Mcintyre,131-55-6061,"95811 Larson Springs Apt. 517
Lake Stevenfurt, TN 52117",N,hours
972,Stacey Hamilton,306-02-5484,"03963 Kimberly Key
New Erin, VA 30921",N,miles
973,Paige Brown,828-95-5237,"96867 Jason Divide Suite 444
Williamsfurt, OK 56058",Y,miles
974,Michelle Black,446-56-5188,"0315 Brown Alley Apt. 344
New Mitchellbury, IA 20454",N,hours
975,Renee Chaney,039-70-9425,"992 Victoria Landing Suite 183
Nicholasview, DE 03586",N,hours
976,Amanda Henderson,717-57-5444,"359 Philip Glens
Port Williamtown, PA 20646",N,miles
977,Susan Cross,395-78-0826,"580 Chase Knoll Suite 766
New Tyroneside, RI 88673",Y,miles
978,Denise Gray,604-48-7633,"169 Garcia Forks Suite 393
Santanaport, AL 83602",Y,miles
979,Ryan Lang,495-08-3709,"36406 Melton Junctions
Port Melissachester, AK 45789",N,miles
980,Teresa Gardner,491-89-2864,"166 Scott Greens
East Donaldfort, NH 40739",Y,miles
981,Lawrence Cordova,873-08-3318,"483 Brown Mountain
Haynesport, TN 33395",Y,hours
982,Dennis Miranda,324-55-2980,"979 Solomon Centers Suite 866
Langshire, HI 36187",Y,miles
983,Laurie Clark,367-64-0875,"982 Teresa Orchard Suite 264
Lake Rhonda, MS 82702",Y,hours
984,Matthew Neal,093-71-8756,"370 Hayes Drive Apt. 514
New Christopher, MP 88934",N,miles
985,Mathew Watkins,483-05-9587,"736 Rodriguez Course
Lake Steven, PW 48563",Y,hours
986,Joel Hicks,075-75-3051,"1817 Thomas Passage Suite 073
Tylerport, ND 25775",N,miles
987,Alicia Hill,151-53-9573,"627 Farmer Road
South Maryshire, AR 08117",Y,hours
988,Clinton Arnold,734-44-1560,"07254 Shane Trail
Timothyview, SD 06527",N,hours
989,Frank Farley,234-53-4389,"313 Glass Plaza Suite 406
Katherineton, CO 85416",N,hours
990,Zachary Cherry,225-04-3973,"90961 William Extension
South Dennisview, LA 15261",Y,miles
991,Scott Carr,805-36-3713,"USNV Coleman
FPO AP 77486",Y,hours
992,Randall Robinson,365-54-6240,"USNV Ward
FPO AP 25412",Y,hours
993,Donald Morris,389-68-3488,"864 Tammy Greens Suite 928
West Stephen, CA 33702",Y,hours
994,James Washington,174-30-8216,"09335 Matthew Glen
South Nicholasmouth, RI 24868",Y,hours
995,Anne Kramer,638-75-3080,"58739 Brenda Square
Pageshire, DC 36043",N,hours
996,Amanda Ford DVM,335-85-7381,"46720 Oscar Rue
West Taylor, CA 47785",Y,hours
997,Jamie Hughes,403-62-8668,"6387 Stuart Run
New Laurieside, WY 67711",Y,miles
998,Jacob Wilson,519-28-1386,"PSC 1421, Box 5780
APO AP 30986",N,miles
999,Paul Jackson,227-85-2303,"836 Stephanie Mews
South Alisonmouth, WV 55422",Y,hours
1000,Lisa Cook,411-39-1359,"1430 Robinson Lane Apt. 713
Randytown, UT 62845",Y,hours
1001,Christopher Banks,341-98-1499,"6356 Riddle Ports Suite 494
Port Timothy, RI 06352",Y,miles
1002,Gordon Proctor,500-66-2698,"1800 Daniel Terrace
Port Luis, NV 85204",Y,hours
1003,Christina Rodriguez,163-66-1855,"2183 Tracy Overpass
Jenkinsmouth, NE 34281",Y,miles
1004,Erika Carson,145-84-2882,"0514 Brown Station
West Ryan, AZ 13537",Y,hours
1005,Kevin Lynch,701-54-7025,"78715 Miller Mountain
South Craig, PW 91220",Y,hours
1006,Brittany Cox,564-15-0573,"05191 Kristen Union Apt. 390
Watsonview, WV 20372",Y,hours
1007,Mary Williams,215-10-8639,"8016 Courtney Tunnel Suite 149
Justinview, MS 47048",N,miles
1008,Tonya Mccormick,031-28-1492,"6602 Wolf Valley
New Emily, CA 69371",N,miles
1009,Sherry Martin,149-46-4765,"858 Stewart Vista Suite 852
Hammondland, LA 67119",N,miles
